C_CUSTKEY,C_NAME,C_NATIONKEY,C_MKTSEGMENT
121,KYRA ESQUIVEL,17,BUILDING
142,BRIDGER PERKINS,9,AUTOMOBILE
214,SAGE PITTS,8,MACHINERY
253,TREY MADDOX,15,AUTOMOBILE
271,ZAINAB DAVENPORT,6,MACHINERY
323,DARIEL LEAL,18,AUTOMOBILE
376,MURPHY O’BRIEN,16,AUTOMOBILE
410,RILEY HULL,7,BUILDING
413,ANDI GRIMES,6,FURNITURE
418,HARLAN LIM,5,FURNITURE
619,GIAVANNA DUNN,24,FURNITURE
622,DAWSON FOSTER,13,FURNITURE
730,BRIELLE CISNEROS,2,AUTOMOBILE
769,ALDEN CASEY,5,HOUSEHOLD
778,SYLVIA WILEY,23,MACHINERY
829,MATHEW BLAIR,8,MACHINERY
991,FRANCES KEMP,21,AUTOMOBILE
1066,MELVIN MENDOZA,0,MACHINERY
1093,CORA BALL,24,HOUSEHOLD
1141,SHANE AHMED,22,MACHINERY
1142,JOLIE DUNLAP,16,AUTOMOBILE
1150,ARIES BRENNAN,21,MACHINERY
1249,ELODIE CUMMINGS,7,BUILDING
1312,RAIDEN WANG,3,BUILDING
1388,KAILANI MCGEE,13,FURNITURE
1391,CONNER BAUTISTA,23,FURNITURE
1426,ANTONELLA KNOX,15,HOUSEHOLD
1472,VALENTIN HARRISON,5,MACHINERY
1499,JASMINE CARRILLO,3,AUTOMOBILE
1513,WADE WOODS,10,FURNITURE
1592,REESE HUBBARD,9,HOUSEHOLD
1642,FORREST HEBERT,9,FURNITURE
1738,KYLEIGH WALTER,8,AUTOMOBILE
1856,LOCHLAN DUDLEY,21,AUTOMOBILE
1877,HADLEIGH MYERS,23,MACHINERY
2102,ADAM LANDRY,17,AUTOMOBILE
2240,BRYNLEIGH ALEXANDER,22,MACHINERY
2260,KINGSTON HARRELL,11,MACHINERY
2380,KARA KRUEGER,10,FURNITURE
2399,JONES MCBRIDE,1,BUILDING
2425,KELSEY CAMPOS,12,AUTOMOBILE
2482,GIDEON HOOVER,24,MACHINERY
2498,VIRGINIA SHORT,0,BUILDING
2584,HEZEKIAH KIRBY,24,BUILDING
2692,SKYLA LIN,19,BUILDING
2770,CONOR MURPHY,10,HOUSEHOLD
2857,BELLA BOND,15,AUTOMOBILE
2998,ROGER LU,17,AUTOMOBILE
3044,EMANI HARRIS,19,FURNITURE
3080,SAMUEL JOHNSTON,1,HOUSEHOLD
3185,LAILA HAMPTON,7,AUTOMOBILE
3268,HANK LI,23,AUTOMOBILE
3344,PAIGE ARCHER,22,AUTOMOBILE
3355,EPHRAIM WEST,0,AUTOMOBILE
3362,REMI HENRY,23,FURNITURE
3391,CARLOS CAMPBELL,3,BUILDING
3422,ADDISON TANNER,16,HOUSEHOLD
3448,BRUNO STRONG,7,AUTOMOBILE
3716,MARGO TUCKER,20,AUTOMOBILE
3769,IVAN LIM,12,AUTOMOBILE
3802,GIAVANNA ESQUIVEL,14,FURNITURE
3824,BRIDGER PHAM,4,BUILDING
3863,RAELYN FERNANDEZ,12,FURNITURE
3919,BENTLEY HANNA,4,MACHINERY
4093,CYNTHIA HULL,6,BUILDING
4109,SALEM CAMERON,14,MACHINERY
4141,JULIE TANNER,3,HOUSEHOLD
4186,BRUNO GLOVER,18,FURNITURE
4190,ALESSIA VANG,8,BUILDING
4447,JIMMY GROSS,9,HOUSEHOLD
4649,ANGEL CALHOUN,23,BUILDING
4840,GARY MEJIA,5,AUTOMOBILE
4859,SAYLOR PAYNE,11,BUILDING
5030,EDWARD QUINN,4,AUTOMOBILE
5231,HEAVEN O’NEAL,14,BUILDING
5263,EDDIE WILEY,18,BUILDING
5278,LAURYN SIMON,9,HOUSEHOLD
5351,ZAYNE HOLLOWAY,12,HOUSEHOLD
5423,MAE ROMAN,13,HOUSEHOLD
5554,KIAN YOUNG,9,MACHINERY
5555,ZOEY STEWART,14,BUILDING
5593,NOLAN MAYS,12,AUTOMOBILE
5647,DENISSE CAIN,13,BUILDING
5744,BENSON ROTH,12,MACHINERY
5756,ELLIOT SHEPHERD,15,FURNITURE
5803,RONALD WIGGINS,24,HOUSEHOLD
5812,CAPRI WALTON,19,MACHINERY
5828,DOMINICK CONNER,18,HOUSEHOLD
5924,ALONDRA HENDERSON,7,FURNITURE
6004,BEAU CHOI,4,FURNITURE
6091,KARLA SPARKS,1,MACHINERY
6121,DRAKE CURRY,13,FURNITURE
6157,ALISON PRICE,11,HOUSEHOLD
6214,BROOKS WEEKS,22,HOUSEHOLD
6265,KAREN LOWERY,23,BUILDING
6329,JAXXON BENNETT,22,AUTOMOBILE
6335,JOSEPHINE COFFEY,18,AUTOMOBILE
6490,KODY LAM,1,FURNITURE
6578,KARINA BELL,2,AUTOMOBILE
6581,EMMETT SANTOS,0,FURNITURE
6622,ALANA MURILLO,16,MACHINERY
6721,LANCE GILMORE,4,AUTOMOBILE
6799,CHANEL BOOTH,19,MACHINERY
6836,CHAIM ABBOTT,9,HOUSEHOLD
6916,MELANY THOMPSON,5,AUTOMOBILE
6992,THEODORE MURRAY,23,MACHINERY
7037,FAITH BRAVO,23,FURNITURE
7150,GENESIS BOWEN,10,FURNITURE
7201,DREAM MALONE,10,AUTOMOBILE
7219,RUBEN WHITEHEAD,6,MACHINERY
7447,SYLVIE CAMPOS,16,FURNITURE
7513,GIDEON STEVENSON,13,FURNITURE
7555,REGINA KLINE,3,MACHINERY
7660,RAMON BARTLETT,9,MACHINERY
7699,AUBRIELLE HAHN,18,HOUSEHOLD
7763,KABIR PETERSON,1,MACHINERY
7825,CAROLINE PARRA,17,AUTOMOBILE
7904,DAVION O’NEILL,18,MACHINERY
7909,KENNA HAHN,0,FURNITURE
8071,KABIR GILES,21,AUTOMOBILE
8239,BAILEE MADDEN,7,AUTOMOBILE
8414,EVEREST AVALOS,5,FURNITURE
8503,PALOMA SAWYER,12,MACHINERY
8554,JEFFERSON BENJAMIN,24,BUILDING
8675,JIANNA FITZGERALD,23,BUILDING
8695,PEYTON DAVIDSON,20,BUILDING
8707,JAYLA COPELAND,15,FURNITURE
8714,AXTON HAIL,3,MACHINERY
9056,LAINEY NIXON,21,AUTOMOBILE
9076,CORY MCFARLAND,20,HOUSEHOLD
9112,ANNIKA BUCK,15,BUILDING
9131,JON DEAN,0,FURNITURE
9253,JULIANNA SAMPSON,11,AUTOMOBILE
9325,CAIN DELACRUZ,18,MACHINERY
9341,CELINE BARTON,21,AUTOMOBILE
9406,CASSIUS WALSH,8,BUILDING
9595,LEIA HUANG,10,MACHINERY
9665,AYAAN HOWE,11,HOUSEHOLD
9700,PERSEPHONE REYES,17,BUILDING
9767,ELI FERNANDEZ,6,FURNITURE
9779,AMARA WOODWARD,19,BUILDING
9809,JEREMIAS STEVENSON,24,BUILDING
10123,REGINA HUNTER,6,BUILDING
10133,ARCHER GRAHAM,5,AUTOMOBILE
10342,ALAIA FITZPATRICK,13,MACHINERY
10376,BLAZE CLAY,7,MACHINERY
10397,ALIANA RODGERS,1,AUTOMOBILE
10513,MATHIAS OLSEN,6,FURNITURE
10522,OAKLYN ARNOLD,12,FURNITURE
10528,ABRAHAM CUNNINGHAM,10,HOUSEHOLD
10561,MARLEY SOLOMON,17,MACHINERY
10616,MUSA JORDAN,19,BUILDING
10624,ADALYNN JOHNSTON,8,BUILDING
10645,FELIX CARSON,23,FURNITURE
10717,NALANI COMPTON,19,MACHINERY
10720,ABNER RHODES,17,BUILDING
10757,TATUM ROSAS,10,HOUSEHOLD
10807,REMI SCHWARTZ,3,HOUSEHOLD
11023,LILLIANA BLACK,21,MACHINERY
11141,MATTEO HANSEN,22,FURNITURE
11152,HOPE COX,15,FURNITURE
11308,CONNOR WEBSTER,12,MACHINERY
11365,KENSLEY BRIGGS,0,AUTOMOBILE
11402,CASE COSTA,8,BUILDING
11437,ROBIN WALSH,9,FURNITURE
11453,BODHI STRICKLAND,15,HOUSEHOLD
11551,NIA WINTERS,13,MACHINERY
11722,DEANDRE VANCE,15,AUTOMOBILE
11797,MAXINE SUMMERS,18,HOUSEHOLD
11851,DARIUS CANTU,11,BUILDING
11867,GALILEA KENT,19,HOUSEHOLD
11917,MEKHI SHEPPARD,13,AUTOMOBILE
12005,VEDA LEAL,10,HOUSEHOLD
12077,CEDRIC EVANS,2,HOUSEHOLD
12229,ELIANA LUNA,22,HOUSEHOLD
12583,ERICK CAMPOS,5,MACHINERY
13048,SUTTON GRAHAM,9,FURNITURE
13067,GIOVANNI BURGESS,4,HOUSEHOLD
13135,EMORY BRIGGS,3,FURNITURE
13148,CASE MOSS,4,BUILDING
13210,BIANCA CARPENTER,20,BUILDING
13235,JEREMY HURLEY,19,BUILDING
13240,RYLAN CURRY,24,FURNITURE
13261,BRIGGS SANTOS,18,BUILDING
13273,ALANA RAY,8,AUTOMOBILE
13334,ARLO NUNEZ,10,AUTOMOBILE
13495,MYA BLACK,20,HOUSEHOLD
13942,MATTEO ORTEGA,14,MACHINERY
14038,LILAH AVALOS,0,AUTOMOBILE
14107,COEN HARDING,7,AUTOMOBILE
14116,ANIYA HAMMOND,24,HOUSEHOLD
14129,FRANCIS SANFORD,23,MACHINERY
14234,EMERALD CANNON,4,MACHINERY
14279,ARCHIE ROBINSON,8,MACHINERY
14446,NORA ERICKSON,9,BUILDING
14476,JOHNNY BARRETT,5,AUTOMOBILE
14584,KENDALL DIXON,12,FURNITURE
14645,CAMDEN SWEENEY,20,HOUSEHOLD
14656,YARA CHANDLER,2,FURNITURE
14677,ROYAL SHAFFER,8,MACHINERY
14755,ALANNA MAY,16,AUTOMOBILE
14791,FINLEY GROSS,7,BUILDING
14851,ANGEL ORTEGA,2,MACHINERY
14879,KOBE CHEN,5,HOUSEHOLD
45040,VALERIA MIDDLETON,2,FURNITURE
45197,MISAEL MAYNARD,16,FURNITURE
45364,CAROLYN WALLER,10,BUILDING
45460,MARLEY HARDY,18,HOUSEHOLD
45508,JESSICA LEE,15,BUILDING
45577,JACK MCCALL,23,HOUSEHOLD
45583,KAI HUANG,14,HOUSEHOLD
45637,AYAAN GOODWIN,15,MACHINERY
45784,SHILOH JARVIS,17,AUTOMOBILE
45883,MARLON LEWIS,12,BUILDING
45892,ELLIE DIAZ,16,AUTOMOBILE
46454,NATHAN HARDY,2,BUILDING
46511,JESSICA KING,9,MACHINERY
46519,JULIAN CARPENTER,22,MACHINERY
46783,LILLY GRAY,16,HOUSEHOLD
46795,NICHOLAS FRIEDMAN,3,BUILDING
46829,ASPYN MCGUIRE,12,FURNITURE
46882,CASEY MACIAS,2,MACHINERY
46922,ADLEY ELLIS,8,HOUSEHOLD
47024,COLE WRIGHT,14,HOUSEHOLD
47035,LILY BECK,6,AUTOMOBILE
47086,EDUARDO WILLIAMS,1,BUILDING
47212,AVA STEVENSON,12,BUILDING
47264,CALLAN STONE,16,BUILDING
47278,CATALINA MCDANIEL,6,HOUSEHOLD
47443,MAJOR BOWEN,19,BUILDING
47635,DREAM WASHINGTON,5,AUTOMOBILE
47704,JUAN TURNER,8,FURNITURE
47854,BROOKLYN CROSBY,11,BUILDING
47903,TRISTEN MCCANN,10,FURNITURE
47924,JOYCE LUNA,24,MACHINERY
47930,ERICK WILLIS,14,MACHINERY
47944,ALEXA MCDONALD,8,HOUSEHOLD
47966,CALVIN MARSH,11,BUILDING
47992,ADELINA BLACKBURN,18,MACHINERY
47995,ZAHIR POWERS,15,FURNITURE
48017,MICHELLE BOWMAN,6,AUTOMOBILE
48074,FRANCISCO PECK,1,HOUSEHOLD
48130,CRYSTAL KEITH,5,HOUSEHOLD
48181,JAGGER GALVAN,19,MACHINERY
48361,DALLAS ROBERTSON,23,HOUSEHOLD
48895,EMILIANO ALLISON,17,MACHINERY
49213,CHELSEA NUNEZ,17,AUTOMOBILE
49240,CADEN CUEVAS,15,FURNITURE
49378,ADELE LYNN,19,FURNITURE
49466,ZECHARIAH HESS,4,HOUSEHOLD
49510,KALIYAH COOPER,16,HOUSEHOLD
49535,JONATHAN WILKINSON,4,MACHINERY
49624,SIENA HANSON,19,HOUSEHOLD
49625,KHALIL HENSON,7,AUTOMOBILE
49679,KINSLEE SUMMERS,1,MACHINERY
49729,DARIUS LAWRENCE,17,MACHINERY
49762,LAUREN RIVERA,18,AUTOMOBILE
49765,CHARLES MCKINNEY,17,BUILDING
49787,GWENDOLYN MASON,4,MACHINERY
49855,BRANDON BLEVINS,23,MACHINERY
49873,AILA SCHWARTZ,22,MACHINERY
49907,EDWIN RILEY,19,HOUSEHOLD
49948,KAYLA BENITEZ,4,MACHINERY
49949,JUSTICE HURST,19,HOUSEHOLD
50095,ADALEE JEFFERSON,1,AUTOMOBILE
50185,RAYLAN WELCH,16,FURNITURE
50207,AMIRA DANIEL,0,MACHINERY
50261,GRADY TRAN,20,HOUSEHOLD
50413,KYLIE ASHLEY,1,BUILDING
50623,KYLEN BERNARD,14,MACHINERY
50651,BARBARA SHANNON,2,FURNITURE
50707,ELIEL HUDSON,11,AUTOMOBILE
50740,KAMILA LOGAN,15,BUILDING
50878,ROCCO TOWNSEND,11,BUILDING
50944,AZALEA LITTLE,23,MACHINERY
51026,LENNOX MCINTYRE,16,MACHINERY
51095,REBEKAH STEVENSON,22,AUTOMOBILE
51278,CALLAN ROWE,5,FURNITURE
51424,MATILDA MENDOZA,9,MACHINERY
51488,DOMINIC BOONE,24,MACHINERY
51569,MARIAM HART,9,BUILDING
51574,JOEL TORRES,13,MACHINERY
51607,VIOLET MASSEY,16,BUILDING
51631,DONALD PRATT,16,HOUSEHOLD
51649,AILANI MASSEY,13,BUILDING
51671,DONALD VELAZQUEZ,23,AUTOMOBILE
51745,JALIYAH COLE,22,AUTOMOBILE
51847,NATHANIEL HANSEN,15,FURNITURE
51875,HOPE ROACH,9,BUILDING
51937,CASPIAN BARKER,8,AUTOMOBILE
52034,REMINGTON JONES,10,FURNITURE
52093,WILLIAM PERALTA,10,HOUSEHOLD
52133,MALAYAH TRAVIS,0,BUILDING
52207,WILLIE CARRILLO,20,BUILDING
52276,KAYLANI SALINAS,3,AUTOMOBILE
52339,EDGAR VELEZ,19,BUILDING
52351,MEGAN WALLS,19,AUTOMOBILE
52487,LARRY MASON,24,AUTOMOBILE
52531,SIENNA CROSBY,5,BUILDING
52930,TRISTEN POLLARD,7,BUILDING
53119,MARISOL KRUEGER,24,MACHINERY
53161,JONES OSBORNE,4,MACHINERY
53179,SHELBY HILL,15,FURNITURE
53218,ISAAC ROY,11,AUTOMOBILE
53219,SAVANNA CARTER,8,AUTOMOBILE
53227,MAVERICK PARKS,4,BUILDING
53254,AINSLEY HUGHES,11,BUILDING
53257,EVERETT HESTER,23,FURNITURE
53323,ZENDAYA LAWSON,7,MACHINERY
53374,LANE FERNANDEZ,3,HOUSEHOLD
53404,AMARA PORTER,16,HOUSEHOLD
53666,RHETT LUCAS,4,MACHINERY
53830,PHOENIX DOUGLAS,22,BUILDING
53846,DEREK TERRELL,6,AUTOMOBILE
53915,PAITYN MELTON,12,FURNITURE
53920,LENNON MAYS,0,AUTOMOBILE
54038,DENISSE MORROW,4,FURNITURE
54055,KYREE BROCK,13,MACHINERY
54116,JADA KING,8,BUILDING
54118,JULIAN VEGA,3,HOUSEHOLD
54409,DAKOTA MADDOX,7,BUILDING
54484,LYRIC MULLEN,9,MACHINERY
54524,SHAY WALSH,16,AUTOMOBILE
54583,BODHI FORD,2,BUILDING
54640,ALEXANDRA SHANNON,22,HOUSEHOLD
54892,ELIEL MARSH,14,MACHINERY
54904,ADELINA SPARKS,10,BUILDING
55000,DRAKE HEBERT,0,MACHINERY
55033,KYLEIGH REESE,16,AUTOMOBILE
55066,ALIJAH STEVENS,20,MACHINERY
55133,KATHERINE NEAL,4,HOUSEHOLD
55184,KANE CORDOVA,3,AUTOMOBILE
55204,FLORENCE KELLEY,7,AUTOMOBILE
55258,ERIC CAREY,2,FURNITURE
55295,ALORA HOWE,24,BUILDING
55339,ALARIC SNYDER,19,MACHINERY
55354,CALLIE CASEY,15,HOUSEHOLD
55427,ARMANDO DEAN,6,HOUSEHOLD
55450,JULIANNA BENSON,3,AUTOMOBILE
55517,DESMOND COOK,18,FURNITURE
55543,AALIYAH PINEDA,18,FURNITURE
55639,GERARDO MENDOZA,18,AUTOMOBILE
55652,CORA MAYNARD,7,AUTOMOBILE
55655,LANDRY ROCHA,8,AUTOMOBILE
55706,EMMIE WEBB,3,AUTOMOBILE
55708,LORENZO HARDY,16,FURNITURE
55774,JESSICA UNDERWOOD,22,AUTOMOBILE
55820,REECE COCHRAN,22,BUILDING
56071,ALMA LLOYD,10,HOUSEHOLD
56098,ZAIRE GUZMAN,17,MACHINERY
56116,ASHLEY CLARKE,14,HOUSEHOLD
56354,STETSON ROY,0,FURNITURE
56392,SAVANNA KLEIN,0,FURNITURE
56650,MARCO PHAM,24,FURNITURE
15052,RAELYN RAMSEY,14,BUILDING
56738,LUCIANO NIXON,10,BUILDING
15166,DEBORAH BUSH,5,AUTOMOBILE
56771,TYSON PATTON,6,HOUSEHOLD
56782,LORELEI NAVARRO,9,BUILDING
56839,REID LE,7,AUTOMOBILE
15400,MYLA SNYDER,5,BUILDING
56950,THIAGO KEITH,20,HOUSEHOLD
56951,ELYSE ROMAN,16,HOUSEHOLD
15499,KIAN MEADOWS,18,HOUSEHOLD
57151,PEARL O’DONNELL,0,AUTOMOBILE
57253,LIAN JUAREZ,17,BUILDING
15754,JULIET ROBBINS,13,MACHINERY
15758,FINNEGAN ARROYO,9,FURNITURE
15811,KYRA FAULKNER,15,FURNITURE
15836,JABARI BAUER,18,AUTOMOBILE
15869,HALEY TANNER,15,BUILDING
15902,BRUNO SAVAGE,1,MACHINERY
15904,LOUISE TERRY,3,AUTOMOBILE
16138,ARMANI BALLARD,24,HOUSEHOLD
16280,ALEJANDRA CORREA,1,HOUSEHOLD
16298,ZAKAI PALMER,21,AUTOMOBILE
16417,JUNIPER AUSTIN,15,BUILDING
16615,OMAR ANDERSON,5,FURNITURE
57289,ELLA FRY,9,AUTOMOBILE
16667,JACOBY GUERRERO,4,HOUSEHOLD
16699,MARGOT ALVAREZ,2,FURNITURE
16700,XAVIER COFFEY,6,FURNITURE
16801,PAOLA BYRD,0,BUILDING
16813,CRISTIAN HUYNH,7,MACHINERY
16829,OAKLEE BOOTH,16,AUTOMOBILE
16858,CHAIM KANE,12,MACHINERY
16867,ELLIANNA DUDLEY,2,AUTOMOBILE
16955,COLTER RYAN,15,FURNITURE
16961,MORGAN DURAN,3,FURNITURE
57649,ISMAEL DALTON,14,AUTOMOBILE
57682,LILIAN MCKAY,12,BUILDING
17051,JOEY BOYLE,1,AUTOMOBILE
57722,ALIYA SCHULTZ,22,HOUSEHOLD
57757,CODY MURRAY,18,FURNITURE
17143,FAITH POLLARD,7,FURNITURE
17272,JAD HEATH,1,AUTOMOBILE
17314,AMANI DOUGHERTY,16,MACHINERY
58019,BRETT PARRISH,23,FURNITURE
58021,TIANA SIERRA,20,MACHINERY
58034,DAYTON SAVAGE,7,AUTOMOBILE
58037,LOUISE GARZA,18,FURNITURE
17446,JUDAH MERRITT,14,BUILDING
17461,KAISLEY SHARP,23,MACHINERY
58057,ROYCE HAYES,12,BUILDING
17554,IRIS WILEY,8,FURNITURE
58150,MATHEW SKINNER,21,AUTOMOBILE
58178,MARA BARKER,1,HOUSEHOLD
58255,KADE BURNETT,16,AUTOMOBILE
58258,EMBERLY MORROW,0,MACHINERY
58270,KYREE BENSON,21,AUTOMOBILE
17677,COLLINS WHEELER,18,AUTOMOBILE
58366,KENNETH RAY,2,FURNITURE
58450,RUTH KEMP,2,AUTOMOBILE
58454,MELVIN BURTON,4,FURNITURE
58462,MIRIAM MELENDEZ,7,AUTOMOBILE
17857,NIKOLAS HORTON,11,MACHINERY
58552,AITANA BENITEZ,2,BUILDING
18022,JUSTICE ROSE,8,BUILDING
58606,MAGNOLIA VAUGHAN,12,FURNITURE
58651,CASTIEL LAMB,16,BUILDING
58730,AMAIA ROSARIO,1,HOUSEHOLD
18181,JEDIDIAH LANE,1,MACHINERY
18259,AMY HOFFMAN,24,BUILDING
58744,STEVEN WALTERS,23,FURNITURE
58808,SAMARA WALLER,22,MACHINERY
18328,MARLEY NUNEZ,23,MACHINERY
58873,MYA DALTON,6,MACHINERY
18395,FLETCHER LAWRENCE,15,HOUSEHOLD
18418,LAUREN MERCADO,19,FURNITURE
18467,ABRAM CARR,9,HOUSEHOLD
18586,ROWAN WILKINSON,18,FURNITURE
18602,LEONARD CALDWELL,24,AUTOMOBILE
59042,EVELYNN JAMES,10,BUILDING
59051,JAXSON DUFFY,11,BUILDING
59101,ADDISYN PRICE,3,FURNITURE
59120,BROOKS MARSHALL,23,HOUSEHOLD
59131,ADALYN CLARK,3,HOUSEHOLD
18707,JOHN DIXON,11,HOUSEHOLD
18781,BLAKELY WILLIAMS,0,BUILDING
18788,OLIVER SELLERS,7,BUILDING
18817,MERCY MYERS,8,HOUSEHOLD
59303,ADAM CHANDLER,6,MACHINERY
18922,VIVIANA HUANG,13,BUILDING
59345,AYAAN YANG,7,FURNITURE
59419,ANGELINA GEORGE,23,AUTOMOBILE
59435,MARK POPE,1,AUTOMOBILE
59446,AURELIA OSBORNE,15,FURNITURE
59545,AUGUSTUS GUTIERREZ,15,AUTOMOBILE
59639,SAVANNAH VU,1,HOUSEHOLD
59770,KAMDYN BANKS,9,FURNITURE
19061,CALI BENITEZ,18,FURNITURE
19072,JUSTICE HAYDEN,15,FURNITURE
19087,AVAYAH MEDINA,13,AUTOMOBILE
19090,GEORGE LAWRENCE,17,BUILDING
19132,LAUREN HALE,3,HOUSEHOLD
19139,EZEQUIEL BROCK,16,MACHINERY
19154,JADA WALLS,8,HOUSEHOLD
19207,LARRY HARRIS,7,HOUSEHOLD
19222,PENELOPE MASON,23,HOUSEHOLD
19451,BRANDON MOON,20,FURNITURE
19510,NAYA ARMSTRONG,14,FURNITURE
19570,GRANT ESPINOSA,19,FURNITURE
19646,BRAYLEE AYALA,21,FURNITURE
19652,TANNER LUCERO,9,MACHINERY
19790,ILA GOMEZ,2,HOUSEHOLD
19807,ISAIAH HOOD,16,BUILDING
19825,BRIANA JENKINS,23,FURNITURE
19843,DECLAN SCHAEFER,23,FURNITURE
19921,MAVIS LEONARD,2,BUILDING
19996,RICARDO KIM,13,HOUSEHOLD
20122,GABRIELLA CARRILLO,16,HOUSEHOLD
20194,WADE DIAZ,23,AUTOMOBILE
20311,ELENA ARROYO,10,HOUSEHOLD
20360,ALBERTO BERRY,17,BUILDING
20381,ANNABELLE BALDWIN,3,HOUSEHOLD
20548,JAIDEN MCCARTY,10,HOUSEHOLD
20558,HALO DEJESUS,14,MACHINERY
20785,RIO PACE,24,HOUSEHOLD
20977,GIANA BENDER,11,MACHINERY
21146,ZAVIER KENNEDY,19,FURNITURE
21166,BRIANNA WAGNER,14,BUILDING
21274,ENZO CASTILLO,21,AUTOMOBILE
21286,EVA MADDEN,13,HOUSEHOLD
21316,EVEREST WANG,8,AUTOMOBILE
21499,KAILANI CORDOVA,3,FURNITURE
21571,VICENTE LUCERO,24,AUTOMOBILE
21706,ILA CORTES,1,FURNITURE
21784,BANKS MATHEWS,19,HOUSEHOLD
21820,SLOAN FOSTER,18,AUTOMOBILE
21871,KAYDEN VU,24,HOUSEHOLD
21914,KIMORA GONZALES,8,BUILDING
21935,BRAYDEN ROACH,3,AUTOMOBILE
21937,LYANNA TODD,21,BUILDING
21988,BAYLOR LIM,24,MACHINERY
22067,GIAVANNA LEACH,3,BUILDING
22360,WESTIN CALDWELL,14,MACHINERY
22375,EVELYNN MORAN,0,AUTOMOBILE
22417,TATE GREGORY,6,BUILDING
22541,ALAYA SCHWARTZ,16,AUTOMOBILE
22591,EDWIN BYRD,0,MACHINERY
22720,GISELLE ROWLAND,16,FURNITURE
22747,ELIEZER AVERY,4,HOUSEHOLD
22753,MEGHAN CRAIG,17,MACHINERY
22768,ODIN ROBERTS,13,AUTOMOBILE
22789,PAISLEY MCMILLAN,11,AUTOMOBILE
22885,ROCKY BOND,23,FURNITURE
22949,ALENA O’NEILL,2,BUILDING
22981,MARCEL FLORES,0,FURNITURE
22993,EMILIA PARKER,13,BUILDING
23074,CALEB RIOS,8,BUILDING
23138,BROOKE MATTHEWS,10,BUILDING
23185,PRESTON PENA,24,AUTOMOBILE
23350,RACHEL MERRITT,5,FURNITURE
23462,COLTEN DURHAM,9,FURNITURE
23650,TIFFANY PAYNE,14,MACHINERY
23779,EDWARD EVERETT,6,MACHINERY
23878,NOAH GRIFFITH,17,HOUSEHOLD
24055,FRANKLIN VILLA,8,FURNITURE
24257,JOHANNA HUTCHINSON,11,AUTOMOBILE
24325,KORBIN WEBER,22,MACHINERY
24404,ALAYAH KELLY,10,AUTOMOBILE
24691,COOPER CROSS,16,BUILDING
24850,NAYELI ARCHER,7,MACHINERY
24955,EPHRAIM BATES,8,MACHINERY
24991,MADILYN MARIN,20,FURNITURE
25019,ALDO CONRAD,19,MACHINERY
25294,BEXLEY MCDANIEL,23,AUTOMOBILE
25348,MAJOR NEAL,20,FURNITURE
25450,TALIA CASE,24,BUILDING
25477,BENTLEE SHARP,4,MACHINERY
25525,CAMRYN GALINDO,15,BUILDING
25535,SALVATORE BOOTH,6,FURNITURE
25552,ZARIYAH RUSH,7,BUILDING
25576,KAISER HOBBS,18,FURNITURE
25600,LACEY HANNA,2,BUILDING
25661,AYDIN REYES,1,FURNITURE
25717,AUDREY SALAS,10,BUILDING
25744,ZAIDEN OLSEN,6,BUILDING
25958,OAKLYN RILEY,7,HOUSEHOLD
25973,AMARI CASTANEDA,1,FURNITURE
26038,KEIRA BENNETT,15,HOUSEHOLD
26105,LEONARDO BRENNAN,17,FURNITURE
26107,ELODIE ANDERSON,23,AUTOMOBILE
26146,JACOB CARDENAS,7,BUILDING
26155,RAVEN FOX,18,AUTOMOBILE
26189,ANTONIO MELTON,3,AUTOMOBILE
26203,KAMIYAH TERRELL,10,AUTOMOBILE
26284,JAXEN FINLEY,7,MACHINERY
26438,JOVIE WEAVER,20,FURNITURE
26458,TUCKER BOWMAN,8,MACHINERY
26501,FIONA BRIDGES,9,HOUSEHOLD
26737,MOHAMMED DAY,14,AUTOMOBILE
26753,HAYDEN STANTON,22,FURNITURE
26833,ZYAIR PENA,11,HOUSEHOLD
26978,RACHEL STONE,19,BUILDING
26992,FINN PETERSON,3,MACHINERY
27073,CAROLINE COLE,3,FURNITURE
27169,NATHANIEL MCDANIEL,16,HOUSEHOLD
27310,DAHLIA BENNETT,20,MACHINERY
27323,LEONARDO FINLEY,14,BUILDING
27439,JOVIE FAULKNER,13,BUILDING
27463,JABARI GARRETT,11,BUILDING
27538,TESSA HUTCHINSON,6,HOUSEHOLD
27556,KORBIN MIDDLETON,23,AUTOMOBILE
27667,MADALYN AVERY,2,MACHINERY
27724,JAKARI CLEMENTS,0,HOUSEHOLD
27748,CARA WEBB,10,HOUSEHOLD
27787,LORENZO BARNES,11,FURNITURE
27790,LILIANA YU,1,MACHINERY
27836,BRYANT FUENTES,18,BUILDING
28174,MADELEINE ALVARADO,15,MACHINERY
28276,ANDRES WEBB,8,MACHINERY
28322,ARIELLA MURPHY,3,BUILDING
28462,CAMERON FLYNN,0,AUTOMOBILE
28549,DOROTHY HOPKINS,11,FURNITURE
28613,ALI SHAH,3,AUTOMOBILE
28633,ANGELICA FULLER,20,MACHINERY
28757,ANDRE BROWNING,14,MACHINERY
28772,PRINCESS DURHAM,5,FURNITURE
28778,KELLEN NAVA,4,FURNITURE
28810,SCOUT CUMMINGS,15,BUILDING
29077,RAIDEN VEGA,19,BUILDING
29078,DAKOTA GRAY,12,FURNITURE
29104,NICHOLAS ROWE,14,MACHINERY
29107,MATILDA MACK,15,HOUSEHOLD
29192,ESTEBAN ZAMORA,2,MACHINERY
29243,SIERRA SPENCE,1,FURNITURE
29378,CILLIAN LUNA,9,BUILDING
29422,JOURNEY DUNCAN,9,FURNITURE
29446,AVERY TREJO,4,AUTOMOBILE
29530,ROSALYN STEVENSON,17,FURNITURE
29539,CALLAN SUTTON,3,AUTOMOBILE
29605,IZABELLA FRANCO,9,AUTOMOBILE
29806,GAGE BRAVO,16,BUILDING
29845,AMOURA REEVES,8,HOUSEHOLD
29861,CLARK GRIFFIN,11,MACHINERY
60121,CHARLIE ROSARIO,1,AUTOMOBILE
60371,JEDIDIAH MELENDEZ,4,FURNITURE
60445,BETHANY REILLY,13,FURNITURE
60595,ALVARO SAWYER,13,FURNITURE
60650,MARINA AGUIRRE,9,MACHINERY
60743,ANDY STRICKLAND,19,AUTOMOBILE
60931,NIA ALI,8,HOUSEHOLD
61043,ARJUN DAVIS,9,HOUSEHOLD
61060,MIA BLANCHARD,23,HOUSEHOLD
61105,ADLER WALTER,16,HOUSEHOLD
61121,PENNY AGUIRRE,10,AUTOMOBILE
61381,ANDY WHITEHEAD,12,HOUSEHOLD
61547,SYLVIE GONZALEZ,7,FURNITURE
61576,ETHAN DOUGLAS,8,FURNITURE
61751,ANIYAH CHAMBERS,20,MACHINERY
61765,ORION COFFEY,23,MACHINERY
61813,PAOLA GLENN,10,FURNITURE
61834,ZAID CHERRY,12,BUILDING
61873,NYOMI BOWMAN,6,BUILDING
61888,FRANCISCO MOSLEY,2,BUILDING
62323,ZANIYAH LARSON,2,BUILDING
62479,RAFAEL CALHOUN,23,MACHINERY
62624,THALIA NEAL,14,MACHINERY
62635,KANE LUCERO,8,HOUSEHOLD
62644,ILA EVANS,23,FURNITURE
62692,ELIAS FIELDS,5,FURNITURE
62743,ANNIE SKINNER,12,HOUSEHOLD
62837,RIDGE GONZALEZ,9,MACHINERY
62959,ABIGAIL MOLINA,2,FURNITURE
63026,PRINCE MCGEE,7,AUTOMOBILE
63046,KAYLEIGH ACOSTA,23,FURNITURE
63115,JENSEN ZIMMERMAN,14,MACHINERY
63136,ARIYAH VO,21,FURNITURE
63319,GORDON HUFF,15,BUILDING
63403,KARSYN SHERMAN,8,MACHINERY
63430,ADAN BASS,23,FURNITURE
63469,ZAHRA RUBIO,8,AUTOMOBILE
63557,TITAN BOWERS,8,BUILDING
63562,ELISA JENKINS,8,BUILDING
63640,DECLAN HORN,18,AUTOMOBILE
63715,AVAH EATON,4,HOUSEHOLD
63781,LEIGHTON BURCH,15,MACHINERY
63788,FREYJA RANDALL,12,HOUSEHOLD
63791,TRENTON ANDERSEN,6,AUTOMOBILE
63856,ZOIE BOND,7,HOUSEHOLD
64105,ROGER HICKS,19,MACHINERY
64121,ALINA GILES,24,BUILDING
64156,KOLE HERRERA,13,FURNITURE
64184,XIMENA O’DONNELL,0,HOUSEHOLD
64306,LIAN GARZA,17,AUTOMOBILE
64309,RIVER MUELLER,12,AUTOMOBILE
64348,ALBERT REILLY,0,AUTOMOBILE
64376,TORI BENTLEY,4,BUILDING
64552,RANDY BARKER,23,MACHINERY
64561,REMINGTON MAXWELL,18,HOUSEHOLD
64685,EDEN HOOVER,16,AUTOMOBILE
64696,VIRGINIA SHEPHERD,20,AUTOMOBILE
64784,RONALD BROOKS,8,FURNITURE
64814,AUTUMN HOFFMAN,5,AUTOMOBILE
64849,STEVEN TRAVIS,20,MACHINERY
64861,MAZIKEE REYNOLDS,14,MACHINERY
65074,VINCENT ROCHA,13,BUILDING
65138,EMMIE MALONE,2,FURNITURE
65308,RUBEN ZHANG,21,BUILDING
65344,SARAI BENJAMIN,1,AUTOMOBILE
65371,KYRO ORTEGA,23,FURNITURE
65377,LILAH RICHMOND,2,BUILDING
65491,MORDECHAI SNOW,0,FURNITURE
65693,ALEXIA NOLAN,22,BUILDING
65884,MAXIMO GUEVARA,15,AUTOMOBILE
66016,TERESA MORAN,0,AUTOMOBILE
66082,TATE LEVY,17,HOUSEHOLD
66170,FLORA RASMUSSEN,18,MACHINERY
66197,WILL BRIGGS,17,AUTOMOBILE
66205,ALIA HALE,2,BUILDING
66232,EZEQUIEL AHMED,24,MACHINERY
66313,JOLIE WYATT,0,HOUSEHOLD
66370,SAM TAYLOR,7,FURNITURE
66379,SOFIA VINCENT,23,AUTOMOBILE
66398,AARAV WHITNEY,18,BUILDING
66544,MADALYNN BARBER,3,AUTOMOBILE
66547,SOLOMON SELLERS,0,FURNITURE
66583,MERCY WADE,4,BUILDING
66616,JAKE KNOX,7,AUTOMOBILE
66761,KALLIE SALAS,1,MACHINERY
66997,ZAIDEN PARRISH,13,HOUSEHOLD
67030,TIANA SANTOS,12,BUILDING
67175,WALKER OLIVER,8,AUTOMOBILE
67180,CAMILLE CURRY,15,BUILDING
67219,BRIGGS LITTLE,21,FURNITURE
67492,HARLEY POWERS,23,MACHINERY
67606,SEAN ROJAS,10,HOUSEHOLD
67747,ADALINE CHARLES,2,HOUSEHOLD
67768,CONRAD CONRAD,11,AUTOMOBILE
67828,BEXLEY WALSH,20,AUTOMOBILE
67925,BODHI POPE,9,MACHINERY
67984,AURELIA SHELTON,0,MACHINERY
68005,LEONEL COOPER,9,BUILDING
68137,SERENITY STEPHENSON,19,MACHINERY
68384,JOE HUANG,6,HOUSEHOLD
68489,FRANCESCA SELLERS,10,FURNITURE
68497,MADDEN MORALES,22,AUTOMOBILE
68518,SKYLAR MACDONALD,7,FURNITURE
68530,HUGH DAWSON,23,BUILDING
68723,VERONICA BEST,20,MACHINERY
68746,HARLEM GUEVARA,1,FURNITURE
69016,TERESA HANSEN,21,AUTOMOBILE
69022,CHARLIE MOLINA,12,MACHINERY
69044,ALEXANDRIA VELASQUEZ,8,MACHINERY
69095,SULLIVAN WALLACE,5,HOUSEHOLD
69112,ARIANNA CRUZ,17,FURNITURE
69286,RYAN CUNNINGHAM,23,AUTOMOBILE
69380,MARLEY TANG,24,MACHINERY
69469,ROGELIO HERRERA,18,AUTOMOBILE
69475,XIMENA RODRIGUEZ,17,MACHINERY
69518,HENRY POOLE,24,HOUSEHOLD
69533,BONNIE NOVAK,12,FURNITURE
69754,BISHOP ALLISON,15,HOUSEHOLD
69832,CHELSEA SWANSON,16,BUILDING
69868,HUGO SCOTT,4,AUTOMOBILE
69871,AURORA ADAMS,17,BUILDING
69937,HUDSON BARRON,14,HOUSEHOLD
70165,ANYA RAMSEY,0,HOUSEHOLD
70267,LUCIANO MOON,8,HOUSEHOLD
70436,NAYA CANTU,11,HOUSEHOLD
70547,ANAKIN KANE,3,BUILDING
70573,ELLIANNA BARTLETT,16,FURNITURE
70621,KACE RAYMOND,15,BUILDING
70834,HADLEE FITZPATRICK,24,FURNITURE
70886,BLAZE STUART,3,BUILDING
70984,STORMI JEFFERSON,14,HOUSEHOLD
70987,RAYLAN VINCENT,21,MACHINERY
70993,ALLYSON DUDLEY,10,BUILDING
71032,COLTER LAMBERT,5,BUILDING
71149,NINA BRADSHAW,8,BUILDING
71230,EMORY SANDOVAL,0,MACHINERY
71440,ELSIE SULLIVAN,12,HOUSEHOLD
71684,EVAN LONG,10,AUTOMOBILE
71956,JADE VILLA,13,BUILDING
72019,CLAY FELIX,4,HOUSEHOLD
72191,PAISLEIGH TERRELL,17,HOUSEHOLD
72212,JAXEN MIDDLETON,11,FURNITURE
72313,MADALYN QUINTANA,17,AUTOMOBILE
72323,KELVIN HOOVER,13,HOUSEHOLD
72413,VIRGINIA DAVIS,5,AUTOMOBILE
72458,LUCAS RANDOLPH,12,HOUSEHOLD
72464,KAILEY BRYAN,0,AUTOMOBILE
72563,JAXTYN ELLIS,1,AUTOMOBILE
72581,AYLA GUZMAN,19,BUILDING
72676,JUDE BAXTER,11,MACHINERY
72775,LARA ZAMORA,19,MACHINERY
72782,QUENTIN MONTGOMERY,10,AUTOMOBILE
72787,EVANGELINE PITTS,9,HOUSEHOLD
72877,TREY GUERRERO,2,BUILDING
72896,MARGOT DEJESUS,14,HOUSEHOLD
73013,RIO SINGLETON,0,BUILDING
73042,MALAYSIA PATRICK,11,MACHINERY
73051,DERRICK MACK,1,BUILDING
73109,NADIA MADDEN,13,AUTOMOBILE
73187,EVEREST COLEMAN,14,MACHINERY
73228,JULIA MASON,0,FURNITURE
73250,BRANDON GUERRA,15,AUTOMOBILE
73373,EDITH STRONG,24,BUILDING
73426,AXL FRY,1,BUILDING
73447,CLARISSA CHURCH,16,AUTOMOBILE
73528,TERRANCE GARZA,18,MACHINERY
73750,RIVER MCCALL,13,MACHINERY
73756,KIAAN POWERS,4,FURNITURE
73843,MICHELLE FITZGERALD,9,BUILDING
73861,PEYTON ESCOBAR,14,BUILDING
73900,ERIN JONES,5,MACHINERY
73912,WILLIAM AYALA,4,HOUSEHOLD
73928,BLAIR GARDNER,24,HOUSEHOLD
73942,ALAN HENDERSON,1,BUILDING
73948,MARIA MANNING,12,FURNITURE
73961,SETH BLACKWELL,14,HOUSEHOLD
74134,SAOIRSE SUTTON,23,MACHINERY
74302,WARREN FARRELL,14,MACHINERY
74396,KASSIDY QUINN,3,HOUSEHOLD
74461,RHYS MCCLURE,7,HOUSEHOLD
74467,ESTELLA KAUR,23,MACHINERY
74507,AUGUSTINE BERNAL,21,BUILDING
74537,EMMELINE CERVANTES,24,FURNITURE
74644,KAMARI JIMENEZ,16,BUILDING
74704,ADELINE HAYES,19,MACHINERY
74716,LEGEND SIMS,17,BUILDING
74771,LENA CARSON,20,AUTOMOBILE
74776,ARES ODOM,7,AUTOMOBILE
74815,LAYLANI TERRELL,9,MACHINERY
74827,JAXEN HAWKINS,17,AUTOMOBILE
74962,ARIEL MARSHALL,18,HOUSEHOLD
120170,KAIDEN FORD,13,BUILDING
120250,ALEXANDRA ESTRADA,10,AUTOMOBILE
120274,PHOENIX WATKINS,19,MACHINERY
120295,LOLA DONOVAN,19,AUTOMOBILE
120311,BRAYAN WILLIAMSON,13,FURNITURE
120580,CATHERINE BISHOP,22,FURNITURE
120640,PAXTON REID,13,AUTOMOBILE
120710,CHARLEE ROBLES,9,BUILDING
120814,OTTO EDWARDS,19,HOUSEHOLD
120995,IVY HEBERT,6,FURNITURE
121183,GUILLERMO DAWSON,7,BUILDING
121523,VERONICA SMITH,18,AUTOMOBILE
121660,LIAM SAUNDERS,7,AUTOMOBILE
121744,MEADOW JENKINS,18,HOUSEHOLD
121865,DECLAN COLON,1,AUTOMOBILE
121949,REMY POLLARD,24,MACHINERY
121988,JAD WEAVER,19,FURNITURE
122033,TEAGAN HARRISON,11,BUILDING
122116,GAVIN FISHER,9,MACHINERY
122147,ARYA LIN,22,FURNITURE
122284,CONOR PHAM,11,MACHINERY
122329,RAELYN BUCKLEY,14,BUILDING
122332,ARYAN BARR,6,MACHINERY
122545,NOEMI BRAVO,11,AUTOMOBILE
122569,GENESIS LI,0,AUTOMOBILE
122774,PAIGE PITTS,14,AUTOMOBILE
122837,TREY DAVIDSON,10,BUILDING
122890,JAYLA EVANS,10,BUILDING
122995,ELIAS SCHWARTZ,23,FURNITURE
123194,LILLIANA HUMPHREY,23,HOUSEHOLD
123227,KREW KLINE,23,HOUSEHOLD
123395,SEVYN WELCH,13,FURNITURE
123506,HENDRIX PACHECO,12,MACHINERY
123508,PARIS DICKSON,2,BUILDING
123547,MAXTON HAYDEN,12,BUILDING
123556,AVAYAH VAUGHN,11,FURNITURE
123610,REMY ADKINS,11,BUILDING
123620,EMELIA PINEDA,6,AUTOMOBILE
123626,GERARDO WILLIAMS,18,HOUSEHOLD
123646,AVA ALEXANDER,20,AUTOMOBILE
123682,KINGSTON MILES,1,HOUSEHOLD
123752,ALESSANDRA FOWLER,2,BUILDING
123757,KAMERON MAYO,24,FURNITURE
123790,AARYA WEISS,7,BUILDING
123859,KOA SAUNDERS,19,BUILDING
124322,MEADOW COCHRAN,10,MACHINERY
124327,DANNY JORDAN,15,HOUSEHOLD
124376,ADALYNN MOSS,22,HOUSEHOLD
124406,PORTER SOSA,22,HOUSEHOLD
124489,CASSANDRA FERNANDEZ,8,HOUSEHOLD
124492,BENTLEY JACOBSON,11,FURNITURE
124567,ROYAL MOORE,10,MACHINERY
124600,LEVI CANTRELL,18,AUTOMOBILE
124601,YAMILETH LYNCH,13,FURNITURE
124658,ZANE REEVES,23,MACHINERY
124760,LANA RUSSELL,23,AUTOMOBILE
124777,WESTON NOLAN,13,AUTOMOBILE
124795,ITZAYANA SIERRA,10,MACHINERY
124867,DAYTON VILLALOBOS,10,FURNITURE
124969,ZOYA BRYAN,23,MACHINERY
124994,JAXTYN GARDNER,2,MACHINERY
125102,JORDYN MCCONNELL,9,AUTOMOBILE
125155,LONDON WELCH,1,HOUSEHOLD
125266,AMIRA TAYLOR,4,HOUSEHOLD
125275,JACKSON JOSEPH,10,FURNITURE
125345,GRACELYNN BOWMAN,11,FURNITURE
125365,FRANCISCO KELLER,22,AUTOMOBILE
125371,LOGAN RODGERS,13,FURNITURE
125521,MATHIAS CASEY,5,AUTOMOBILE
125567,SYLVIA LAM,9,BUILDING
125573,BODIE MORALES,11,FURNITURE
125629,SKYLAR LOWE,22,FURNITURE
125755,JULIUS FREEMAN,6,MACHINERY
125758,NORAH ANDERSON,13,AUTOMOBILE
126034,JACOB LOWE,10,BUILDING
126257,AMARI GIBSON,6,AUTOMOBILE
126325,TYLER RUSH,2,AUTOMOBILE
126355,MALEAH FITZPATRICK,22,BUILDING
126374,BLAZE LEAL,9,FURNITURE
126421,MURPHY WILLIAMS,16,AUTOMOBILE
126430,OLIVER RODGERS,17,FURNITURE
126434,SELAH MCINTYRE,18,BUILDING
126464,ELISEO TUCKER,15,AUTOMOBILE
126527,ESTHER PORTER,13,AUTOMOBILE
126629,RHETT WARREN,4,FURNITURE
126847,SLOANE SIERRA,13,AUTOMOBILE
126865,DAYTON MULLEN,6,FURNITURE
126869,SHAY DOUGLAS,4,AUTOMOBILE
126955,DEREK SALAZAR,7,BUILDING
127255,FREYA FIGUEROA,17,FURNITURE
127321,SPENCER TRUJILLO,19,AUTOMOBILE
127336,DANIELLE QUINTANA,19,AUTOMOBILE
127403,KELVIN LYONS,3,FURNITURE
127543,KENZIE GENTRY,23,FURNITURE
127546,MAGNUS TANG,11,FURNITURE
127550,BELLE MIDDLETON,3,AUTOMOBILE
127777,MISAEL HARPER,24,AUTOMOBILE
127918,ANA MASSEY,21,AUTOMOBILE
127942,DONALD LOZANO,19,MACHINERY
127982,CECELIA PRUITT,5,AUTOMOBILE
128216,GATLIN MIRANDA,13,FURNITURE
128221,AMINA WILLIAMS,20,BUILDING
128267,OLIVER BURGESS,11,AUTOMOBILE
128440,EMORY QUINN,16,FURNITURE
128447,RHYS CONTRERAS,21,FURNITURE
128506,DANIELA MERRITT,0,FURNITURE
128540,COLTEN BECK,6,BUILDING
128560,GIA MOORE,15,MACHINERY
128590,LEVI RUSH,13,FURNITURE
128668,MALEAH CHANG,19,MACHINERY
128770,ARI PETERS,13,MACHINERY
129061,LEILA LAMBERT,13,FURNITURE
129112,MARIO CAREY,8,HOUSEHOLD
129157,ALORA WATTS,7,AUTOMOBILE
129158,DAKOTA MCDOWELL,20,BUILDING
129196,RAYNA VASQUEZ,22,FURNITURE
129371,ROWAN KENT,12,BUILDING
129472,JAZMINE CERVANTES,19,FURNITURE
129496,KAMARI BRUCE,7,BUILDING
129556,MARILYN PACHECO,16,HOUSEHOLD
129649,ERIK GOODMAN,19,AUTOMOBILE
129691,CAROLINA BROWNING,19,MACHINERY
129700,ROHAN SHORT,14,BUILDING
129787,CHEYENNE CONLEY,1,BUILDING
129847,MARVIN MCDANIEL,20,MACHINERY
129971,DAHLIA HILL,5,BUILDING
130096,ISAAC STEPHENS,12,HOUSEHOLD
130171,MILLIE CUNNINGHAM,21,FURNITURE
130636,ALEJANDRO KERR,17,BUILDING
130651,BAYLEE RIVERA,21,AUTOMOBILE
130660,CHARLES CLAYTON,8,BUILDING
130678,SAIGE RYAN,13,HOUSEHOLD
130787,TIMOTHY SHAW,2,BUILDING
130855,EMERSYN LAWSON,6,BUILDING
130867,LANE WEEKS,12,MACHINERY
130960,KAREN KELLEY,0,HOUSEHOLD
131023,ERIC BRYANT,19,BUILDING
131083,PARKER BERRY,14,BUILDING
131260,ADONIS ERICKSON,2,AUTOMOBILE
131338,SABRINA LANG,5,AUTOMOBILE
131603,WELLS FRENCH,6,MACHINERY
131933,LORELAI BENDER,12,HOUSEHOLD
132061,ZAVIER GRAY,18,FURNITURE
132191,SARAH FIGUEROA,19,HOUSEHOLD
132206,SPENCER MCLEAN,12,BUILDING
132244,SKY SCHNEIDER,21,MACHINERY
132452,RAYMOND RICHARDS,22,FURNITURE
132535,TRINITY MOSS,3,BUILDING
132691,PORTER BROWN,15,AUTOMOBILE
132887,CHARLOTTE LYONS,13,BUILDING
132890,CYRUS BRYAN,5,FURNITURE
132892,MEREDITH CONLEY,14,FURNITURE
132916,MARVIN WOOD,20,MACHINERY
132986,NATALIA HAIL,19,HOUSEHOLD
133093,HECTOR VEGA,2,AUTOMOBILE
133115,DAKOTA WOLFE,10,BUILDING
133157,DONOVAN QUINN,17,FURNITURE
133198,HEAVEN DANIEL,10,BUILDING
133249,GRADY MEYERS,17,HOUSEHOLD
133258,LEYLA DURAN,15,MACHINERY
133351,ISMAEL TREJO,19,BUILDING
133744,ROSALYN DEJESUS,18,AUTOMOBILE
133822,RIO HUNTER,1,FURNITURE
133942,KHLOE NGUYEN,19,FURNITURE
133945,GABRIEL JENSEN,15,HOUSEHOLD
133966,JANE RIOS,11,BUILDING
134006,ISRAEL CALDERON,3,FURNITURE
134336,SERENA JIMENEZ,0,HOUSEHOLD
134353,SILAS VINCENT,24,HOUSEHOLD
134440,ALLYSON AGUILAR,6,FURNITURE
134653,MILO SANTIAGO,12,AUTOMOBILE
134710,NYLA SANTOS,7,AUTOMOBILE
134825,WALKER OCHOA,24,BUILDING
134917,LUCIANA COHEN,16,MACHINERY
134951,KILLIAN OROZCO,11,MACHINERY
30025,RENATA BRIDGES,2,BUILDING
30028,MOHAMMED NICHOLS,8,FURNITURE
30136,ALIYAH KHAN,21,BUILDING
30137,KENDRICK FRANKLIN,10,AUTOMOBILE
30151,ANGELA MONTOYA,19,FURNITURE
30319,FORD SKINNER,6,BUILDING
30415,MARA MCDOWELL,12,AUTOMOBILE
30454,LACHLAN FLOWERS,15,BUILDING
30472,ARIYA TATE,21,FURNITURE
30508,DALTON HENSLEY,24,FURNITURE
30613,MALAYA MCBRIDE,16,FURNITURE
30617,DENVER JACOBS,9,BUILDING
30661,CAMILLA PECK,21,BUILDING
30698,YOUSEF TRAVIS,4,AUTOMOBILE
30772,MAZIKEE STEVENSON,5,BUILDING
30953,CALLAN MEZA,21,AUTOMOBILE
30976,ROSA CLAYTON,12,HOUSEHOLD
30997,BOSTON CALLAHAN,19,MACHINERY
31000,KIMBER BRANDT,10,BUILDING
31004,DAMIR MACIAS,6,BUILDING
31142,ADLEY TERRELL,23,HOUSEHOLD
31208,JAXEN BEAN,16,AUTOMOBILE
31219,JENESIS SPEARS,0,HOUSEHOLD
31355,AMEER MCLEAN,8,MACHINERY
31612,SKY LEVY,15,BUILDING
31625,HAROLD PITTMAN,14,AUTOMOBILE
31712,MARIE BEST,15,AUTOMOBILE
31714,HARLEM DOUGLAS,3,BUILDING
31756,ANIYAH WALSH,18,MACHINERY
31898,BODHI STARK,15,AUTOMOBILE
31985,KAMILAH CAREY,21,AUTOMOBILE
32074,WATSON GONZALEZ,0,MACHINERY
32147,ABIGAIL CARROLL,19,BUILDING
32303,OSCAR FUENTES,9,BUILDING
32453,MADELEINE MEYERS,14,AUTOMOBILE
32533,JULIEN HENRY,18,HOUSEHOLD
32635,SUMMER HEBERT,20,FURNITURE
32647,GUILLERMO JONES,18,AUTOMOBILE
32758,ESTELLE KEMP,7,BUILDING
32875,MELVIN ANDERSEN,13,AUTOMOBILE
33025,ZOIE MULLINS,18,HOUSEHOLD
33256,ALLEN SLOAN,4,BUILDING
33275,SELENE LANG,12,BUILDING
33352,WELLS LOGAN,18,HOUSEHOLD
33440,KORA POWELL,22,AUTOMOBILE
33506,BENNETT ROBERTS,10,FURNITURE
33728,PAISLEY ERICKSON,12,HOUSEHOLD
33892,JOHNNY LE,15,FURNITURE
34294,MYLA BRUCE,18,BUILDING
34357,URIAH GUZMAN,21,BUILDING
34420,ASHLEY HUFFMAN,1,FURNITURE
34631,CHRIS CASTILLO,0,FURNITURE
34633,EVA PACE,7,BUILDING
34684,DIOR BASS,24,BUILDING
34726,ZAHRA MOSES,23,HOUSEHOLD
34735,NIKLAUS LEVY,10,BUILDING
34837,FLORA CAMPBELL,15,BUILDING
34946,CHRISTOPHER GUEVARA,6,FURNITURE
34978,TERESA GLENN,18,BUILDING
34996,ZAID FLEMING,4,FURNITURE
35012,FATIMA LAMB,15,MACHINERY
35063,KAYSEN HUTCHINSON,22,AUTOMOBILE
35134,JAMIE HAMILTON,19,FURNITURE
35194,JASON BLANKENSHIP,22,BUILDING
35446,ROSALEE ROBLES,9,AUTOMOBILE
35612,OTTO GLENN,8,FURNITURE
35674,BLAIRE SAMPSON,23,MACHINERY
35710,CAIN WEISS,1,AUTOMOBILE
35860,LENNOX BAUER,11,FURNITURE
36172,KIERAN HOBBS,0,BUILDING
36292,LACEY PIERCE,19,MACHINERY
36295,NICOLAS KOCH,16,FURNITURE
36349,MILANA CARSON,2,FURNITURE
36397,ARES MORAN,5,MACHINERY
36451,CELESTE TYLER,9,MACHINERY
36535,EMMITT REYNA,17,BUILDING
36604,LUELLA MEADOWS,2,MACHINERY
36848,WAYNE WHITNEY,17,MACHINERY
36859,MADALYNN RAYMOND,23,HOUSEHOLD
36935,MAURICE HARDING,14,MACHINERY
37165,ANIYA CONNER,8,HOUSEHOLD
37333,PHILLIP CARDENAS,2,BUILDING
37369,RAVEN SHEPPARD,3,FURNITURE
37418,TRENT MORROW,22,AUTOMOBILE
37432,REYNA BUCK,0,FURNITURE
37580,JON CARSON,17,AUTOMOBILE
37609,NALANI HENSLEY,5,HOUSEHOLD
37741,LAYNE DAVID,21,BUILDING
37825,HAYLEE AGUIRRE,0,HOUSEHOLD
38149,ANDY HANNA,23,MACHINERY
38392,CYNTHIA SIMON,21,AUTOMOBILE
38449,ZAYNE BAUTISTA,17,MACHINERY
38503,ANTONELLA GOULD,8,BUILDING
38516,BLAINE GORDON,4,HOUSEHOLD
38572,TAYLOR SCHULTZ,11,HOUSEHOLD
38576,CODY CAMERON,22,MACHINERY
38692,JULIE SALINAS,2,BUILDING
38725,EDGAR DICKSON,8,FURNITURE
38743,EMMALYNN FRYE,3,FURNITURE
38804,FRANCO WATERS,16,AUTOMOBILE
38840,BRISTOL BECK,10,AUTOMOBILE
38846,EDUARDO MORROW,16,MACHINERY
38912,REYNA COLE,4,AUTOMOBILE
38972,NATHANIEL TERRY,5,BUILDING
39001,WREN BAUER,21,HOUSEHOLD
39037,KIERAN MAYO,9,BUILDING
39139,AARYA WILEY,4,MACHINERY
39244,MATHEW OLSON,11,HOUSEHOLD
39280,ISABEL JACOBS,1,MACHINERY
39292,BRYAN ROBBINS,19,FURNITURE
39352,STEVIE RUSH,19,BUILDING
39640,KAISER WEAVER,10,AUTOMOBILE
39715,TEAGAN BELTRAN,4,HOUSEHOLD
39761,RICKY ENRIQUEZ,24,AUTOMOBILE
39901,NELLIE TYLER,23,FURNITURE
40120,EMMITT CORTES,1,FURNITURE
40225,LEA STOKES,12,AUTOMOBILE
40343,SANTANA PENA,19,MACHINERY
40381,RACHEL ROGERS,7,HOUSEHOLD
40439,COLTON SCHMIDT,11,MACHINERY
40552,KIMBERLY RICHARD,10,HOUSEHOLD
40598,AHMED MASSEY,22,MACHINERY
40601,CLEMENTINE WU,21,HOUSEHOLD
40651,KYSON PORTER,15,BUILDING
40705,RYLEIGH MERRITT,11,FURNITURE
40907,COLTEN PERKINS,3,AUTOMOBILE
40909,SAGE MORENO,16,FURNITURE
41068,MYLES BLACK,13,FURNITURE
41152,MOLLY ARCHER,12,HOUSEHOLD
41177,EPHRAIM CONWAY,13,BUILDING
41182,RYANN SULLIVAN,23,HOUSEHOLD
41204,EVAN JACOBSON,20,AUTOMOBILE
41449,ROYAL CRAIG,21,HOUSEHOLD
41524,ODIN HARDIN,19,HOUSEHOLD
41563,VADA DELAROSA,9,AUTOMOBILE
41635,OSIRIS JONES,12,MACHINERY
41692,SOPHIA ROMAN,22,HOUSEHOLD
41765,KIAN BRIDGES,16,FURNITURE
41914,ELORA JACOBS,19,FURNITURE
42025,BRYAN TAPIA,5,MACHINERY
42077,MICHAELA FARRELL,11,MACHINERY
42124,TY ERICKSON,20,MACHINERY
42142,SABRINA HUYNH,15,BUILDING
42212,LAYTON PAYNE,14,HOUSEHOLD
42253,LONDON RASMUSSEN,7,HOUSEHOLD
42289,WILL OLIVER,16,BUILDING
42355,CAMILLE HARPER,4,FURNITURE
42406,HAYES PACHECO,22,HOUSEHOLD
42436,PARIS CHAN,2,MACHINERY
42794,FRANK BARRON,2,BUILDING
42814,ANYA MORRIS,5,HOUSEHOLD
42917,CHRISTIAN EVANS,7,HOUSEHOLD
43136,ELIANA SHAFFER,9,BUILDING
43223,DEXTER BAILEY,18,HOUSEHOLD
43483,KENNEDY CRUZ,1,AUTOMOBILE
43507,RYAN CARTER,16,FURNITURE
43568,LUCY HERMAN,6,FURNITURE
43688,JUELZ FRANCO,11,AUTOMOBILE
43871,CHARLEIGH SIERRA,18,AUTOMOBILE
75040,DAYTON MERRITT,21,FURNITURE
75055,KAISLEY RIVAS,1,BUILDING
75196,DAMON ARROYO,10,HOUSEHOLD
75241,KYRA BENTON,0,AUTOMOBILE
75307,JAMAL AYALA,6,HOUSEHOLD
75310,BLAIR VENTURA,0,MACHINERY
75331,BRANSON BRADSHAW,24,FURNITURE
75433,BERKLEY ANTHONY,12,AUTOMOBILE
75703,SHILOH SMALL,2,HOUSEHOLD
76069,ZARIA BOWEN,22,MACHINERY
76198,TREVOR PITTS,9,AUTOMOBILE
76268,NALA GALLEGOS,7,HOUSEHOLD
76381,JONAS CONTRERAS,0,BUILDING
76436,DANIELA HICKS,7,BUILDING
76438,MADDOX CHRISTIAN,11,FURNITURE
76543,ANAHI SCHMIDT,22,FURNITURE
76570,ZAYDEN LOZANO,22,BUILDING
76573,CECELIA HALL,2,FURNITURE
76933,THOMAS CALDWELL,1,HOUSEHOLD
77041,EVELYNN SINGLETON,11,FURNITURE
77056,LANDYN DECKER,7,MACHINERY
77285,ALEENA WILKINS,7,FURNITURE
77336,YUSUF BANKS,22,FURNITURE
77470,CALI MASON,2,MACHINERY
77614,BRANDON TODD,22,BUILDING
77699,ZARIAH HERMAN,11,HOUSEHOLD
77717,JUELZ HAMILTON,7,FURNITURE
77797,MACKENZIE BARRY,15,BUILDING
77827,EMERY DOYLE,0,FURNITURE
77944,ANNALISE NORMAN,1,BUILDING
77971,AZIEL BALLARD,13,BUILDING
78001,ALEJANDRA GORDON,22,AUTOMOBILE
78119,KARTER LEAL,0,FURNITURE
78241,MURPHY MANN,3,AUTOMOBILE
78395,NEHEMIAH DYER,4,HOUSEHOLD
78485,ESTRELLA WALLER,23,AUTOMOBILE
78491,MARLEY MORENO,22,MACHINERY
78706,MARY BLANCHARD,15,AUTOMOBILE
78722,ADLER BRADSHAW,1,FURNITURE
78835,BERKLEY MAGANA,1,BUILDING
78859,REY WOLFE,24,AUTOMOBILE
78919,HALLIE LUCERO,21,BUILDING
79042,FELIPE GAINES,16,AUTOMOBILE
79151,AYA YODER,22,MACHINERY
79237,JOHAN CARR,4,MACHINERY
79240,ROWAN WARREN,18,AUTOMOBILE
79264,ABEL JACOBS,17,BUILDING
79390,CAMILLA LAM,16,MACHINERY
79477,BODIE SCOTT,10,HOUSEHOLD
79525,AURORA ROBERSON,5,BUILDING
79655,SHEPHERD PAYNE,12,AUTOMOBILE
79663,LONDON MORTON,3,AUTOMOBILE
79735,ROLAND PINEDA,5,HOUSEHOLD
79796,NOLA MORSE,1,MACHINERY
79933,BODE GALLEGOS,21,MACHINERY
79984,ARI WALTER,7,AUTOMOBILE
80119,LOCHLAN FLEMING,17,HOUSEHOLD
80146,FATIMA SUAREZ,0,BUILDING
80233,SOREN LOZANO,1,MACHINERY
80282,CECELIA HARTMAN,9,BUILDING
80554,BAKER COCHRAN,17,HOUSEHOLD
80576,ALMA MCDANIEL,0,FURNITURE
80734,MAJOR WILKERSON,9,FURNITURE
80764,JANIYAH KEMP,1,HOUSEHOLD
80776,MELVIN MACDONALD,18,BUILDING
80806,ROSALIA PAGE,20,AUTOMOBILE
80839,PABLO WANG,9,FURNITURE
80873,KAILANI HANCOCK,5,FURNITURE
80882,REX CASE,14,MACHINERY
80920,CLEO ROBINSON,11,AUTOMOBILE
80975,MATTHEW WEBER,21,FURNITURE
81166,ALAYAH BURNS,23,FURNITURE
81293,AUGUST THOMAS,12,MACHINERY
81410,ELIZABETH CALDERON,3,AUTOMOBILE
81469,OAKLEY DAY,13,AUTOMOBILE
81544,HAYDEN BYRD,24,AUTOMOBILE
81547,CRISTIAN PECK,9,FURNITURE
81736,CRYSTAL PORTILLO,18,HOUSEHOLD
81760,WALLACE SMITH,3,BUILDING
81778,OLIVIA KNAPP,8,FURNITURE
81781,BODEN WOLFE,12,HOUSEHOLD
81910,HALLIE ROY,17,MACHINERY
81950,MARCELO BARNES,13,AUTOMOBILE
82039,LILIANA ADKINS,22,BUILDING
82235,KYLO PACE,10,BUILDING
82396,GIANA LIN,18,MACHINERY
82450,CONOR SHAH,5,BUILDING
82517,ANGELICA MCMAHON,7,FURNITURE
82694,JAKOB WADE,7,FURNITURE
82711,EVIE SANDERS,11,HOUSEHOLD
82741,JOSE JORDAN,9,MACHINERY
82754,ADALYNN ROMERO,20,BUILDING
82832,BRYSON HAMMOND,21,AUTOMOBILE
82870,HOLLY BRIDGES,3,BUILDING
82897,MOHAMMED JENKINS,6,FURNITURE
82915,RYLEE CONTRERAS,5,AUTOMOBILE
83050,EMILIO LARSON,24,FURNITURE
83065,ALAYNA OCHOA,24,FURNITURE
83159,WINSTON KIRK,1,MACHINERY
83330,ELLIS WADE,14,AUTOMOBILE
83393,JAKE ANDREWS,19,AUTOMOBILE
83410,PAYTON HERRERA,1,HOUSEHOLD
83416,RIVER FIELDS,12,HOUSEHOLD
83545,ANNIE BLAIR,14,BUILDING
83584,TROY REILLY,21,MACHINERY
83708,TORI GIBBS,15,FURNITURE
83717,DEACON RANDOLPH,14,FURNITURE
83812,KAILEY CONWAY,12,MACHINERY
83842,ORLANDO DOYLE,18,AUTOMOBILE
83881,ANNALISE GALINDO,22,MACHINERY
83959,SALVATORE HICKMAN,13,AUTOMOBILE
84089,SCARLETTE FISHER,23,MACHINERY
84169,GAEL SCOTT,16,MACHINERY
84278,AURORA MCKEE,5,BUILDING
84334,BJORN ARCHER,10,MACHINERY
84517,KADENCE WAGNER,5,AUTOMOBILE
84581,ENZO CANTU,9,BUILDING
84623,GALILEA FRYE,7,MACHINERY
84673,FRANCO CLAYTON,9,FURNITURE
84734,SAIGE FRAZIER,22,MACHINERY
84857,CALLUM PRICE,15,HOUSEHOLD
84943,PIPER CRANE,13,HOUSEHOLD
84946,FOX HENSON,5,FURNITURE
85055,KINSLEE ESCOBAR,21,HOUSEHOLD
85657,ZACHARIAH CHASE,8,MACHINERY
85772,ANGIE HUNT,21,HOUSEHOLD
85784,JESUS ROBINSON,24,HOUSEHOLD
85813,NORA POLLARD,7,HOUSEHOLD
85997,JAD WILSON,19,FURNITURE
86059,LUNA WILEY,9,BUILDING
86146,MATHEW ESTES,17,FURNITURE
86312,BRITTANY FROST,7,AUTOMOBILE
86407,DARIO BUTLER,6,HOUSEHOLD
86507,ATHENA HERRING,13,FURNITURE
86810,HENRIK COLLINS,17,AUTOMOBILE
86824,KINSLEY CAMPBELL,22,HOUSEHOLD
86869,CHRISTOPHER HOGAN,18,MACHINERY
86879,KATHRYN KRAMER,6,BUILDING
86912,KYLAN O’CONNELL,22,AUTOMOBILE
87028,JILLIAN GRANT,12,AUTOMOBILE
87235,LEON JOHNSTON,3,MACHINERY
87425,LAILA CASEY,2,BUILDING
87430,ARMANDO GIBSON,17,FURNITURE
87481,EDEN LINDSEY,17,HOUSEHOLD
87524,JAYSON GENTRY,18,MACHINERY
87950,AMELIE SAMPSON,20,FURNITURE
88138,CAIN KIM,8,BUILDING
88165,GABRIELLA ROGERS,8,BUILDING
88183,COLTON MOON,8,AUTOMOBILE
88190,NAYA REYNA,7,FURNITURE
88205,REGINALD FRANCO,6,FURNITURE
88237,CHARLEIGH RAY,20,FURNITURE
88253,ARLO NOVAK,16,AUTOMOBILE
88291,KAIYA COMBS,16,BUILDING
88309,AHMAD OWEN,1,AUTOMOBILE
88370,MIKAYLA CAMACHO,0,FURNITURE
88553,TATUM WU,18,BUILDING
88568,LIANA COHEN,22,MACHINERY
88615,KILLIAN CUEVAS,10,MACHINERY
88700,ADELE CASTILLO,2,FURNITURE
88819,KAI HENSLEY,16,HOUSEHOLD
88873,MALAYA SHEPPARD,13,MACHINERY
88882,TRENT KRUEGER,23,AUTOMOBILE
89011,KAMARI VILLEGAS,6,HOUSEHOLD
89122,CLYDE HOWARD,15,BUILDING
89126,SOPHIE INGRAM,9,AUTOMOBILE
89215,TRIPP HINTON,5,FURNITURE
89305,JAELYNN FRY,23,BUILDING
89335,JACOBY GILBERT,3,BUILDING
89374,JOCELYN CANNON,17,AUTOMOBILE
89488,ARCHIE HUTCHINSON,16,HOUSEHOLD
89534,JAMIE MUNOZ,6,HOUSEHOLD
89539,JUSTIN HO,2,BUILDING
89746,CALLIOPE CRUZ,6,MACHINERY
89785,RYAN HUBBARD,3,MACHINERY
89831,ROSIE HUNTER,4,FURNITURE
89894,ARCHER HOUSE,13,MACHINERY
135037,SARIAH HAMPTON,9,AUTOMOBILE
135083,HANK DAVID,17,AUTOMOBILE
135172,HAYLEE MCDONALD,15,FURNITURE
135265,CALVIN ZIMMERMAN,9,HOUSEHOLD
135271,ARIYAH MCINTYRE,4,AUTOMOBILE
135347,ELISEO MARIN,17,BUILDING
135352,CELIA BUCK,18,BUILDING
135367,JON CROSS,7,BUILDING
135466,NAYELI WARD,23,MACHINERY
135649,JAMESON COFFEY,8,AUTOMOBILE
135719,PAOLA ODOM,4,BUILDING
135724,KYLIAN MORSE,7,BUILDING
135872,KAIRI WALL,13,MACHINERY
135884,ISSAC FRYE,2,MACHINERY
135973,RAYA POTTS,18,HOUSEHOLD
136109,ALFRED CHURCH,11,HOUSEHOLD
136112,AYLEEN RICHARDS,11,FURNITURE
136187,HOLDEN MCCORMICK,15,FURNITURE
136246,MACIE COLLIER,21,HOUSEHOLD
136298,EDISON MCLEAN,7,MACHINERY
136333,SKY HUNTER,12,BUILDING
136397,ARCHER ACOSTA,2,MACHINERY
136531,KAIA HORNE,2,AUTOMOBILE
136876,ZEV DANIELS,8,FURNITURE
136889,EMBER COCHRAN,11,HOUSEHOLD
136993,DANNY BRENNAN,12,FURNITURE
136999,ELODIE HODGES,6,MACHINERY
137053,ALONZO ARMSTRONG,9,MACHINERY
137356,PRESLEY MALDONADO,0,HOUSEHOLD
137552,JAVIER RAMIREZ,7,FURNITURE
137560,GRACE CARSON,20,BUILDING
137575,ARES PARRA,8,HOUSEHOLD
137692,DALARY SNYDER,4,BUILDING
137708,THIAGO BECK,8,HOUSEHOLD
137725,GIA LUNA,14,MACHINERY
138064,ERICK ARCHER,19,AUTOMOBILE
138343,KADENCE KNIGHT,24,AUTOMOBILE
138424,BECKETT STOUT,3,HOUSEHOLD
138497,CHANA TANG,16,HOUSEHOLD
138502,ROGELIO ADAMS,19,AUTOMOBILE
138530,STELLA PONCE,14,BUILDING
138535,LANGSTON SIMPSON,10,BUILDING
138649,ANASTASIA PARK,22,AUTOMOBILE
138731,DAXTON GILBERT,10,FURNITURE
138781,JOCELYN CANO,1,AUTOMOBILE
138889,TERRY SALINAS,8,MACHINERY
139006,ROYALTY ENGLISH,3,MACHINERY
139103,JUNIOR CARSON,5,HOUSEHOLD
139111,NALANI GREER,11,HOUSEHOLD
139126,KODA BOWERS,19,HOUSEHOLD
139190,ELISA HUERTA,1,BUILDING
139298,DOUGLAS MALDONADO,19,HOUSEHOLD
139301,ELAINA DUNCAN,13,BUILDING
139333,AVERY NEAL,12,FURNITURE
139436,TALIA ANTHONY,3,FURNITURE
139519,SHILOH VALDEZ,11,HOUSEHOLD
139567,DIANA FERGUSON,8,HOUSEHOLD
139582,MIGUEL FERNANDEZ,8,HOUSEHOLD
139699,AMARA SPENCE,11,FURNITURE
139795,CILLIAN MULLINS,3,BUILDING
139817,MALIYAH MONROE,16,AUTOMOBILE
139907,COLBY GATES,6,FURNITURE
139949,MELINA STONE,12,HOUSEHOLD
140041,FINN MERCADO,10,MACHINERY
140128,MCKINLEY RUIZ,0,HOUSEHOLD
140269,AUSTIN MACIAS,1,AUTOMOBILE
140368,ADLEY BARKER,22,HOUSEHOLD
140479,KADE LEVY,6,MACHINERY
140531,FLORA SUTTON,10,MACHINERY
140536,WARREN ZUNIGA,8,AUTOMOBILE
140647,LESLIE MAYER,18,MACHINERY
140650,YAHIR DELGADO,10,FURNITURE
140699,ALANI VALENTINE,11,AUTOMOBILE
140720,DEMETRIUS MILLER,1,AUTOMOBILE
140725,ISABELLA TURNER,10,AUTOMOBILE
140788,JOSHUA KING,12,BUILDING
140795,VICTORIA REESE,10,FURNITURE
140902,ALIJAH CAIN,21,FURNITURE
141032,KENDRA OWENS,5,FURNITURE
141049,ADRIEL ELLIOTT,3,FURNITURE
141119,NOELLE SOLOMON,22,FURNITURE
141131,MUSA COHEN,21,FURNITURE
141154,DESTINY GAINES,18,HOUSEHOLD
141250,TALON MCCARTHY,0,HOUSEHOLD
141325,KIRA QUINN,13,FURNITURE
141406,RHYS RICE,7,AUTOMOBILE
141649,ADA RUSSO,2,HOUSEHOLD
141661,JAMIE WEAVER,20,MACHINERY
141724,TEAGAN CLAY,23,AUTOMOBILE
141815,YOSEF FITZGERALD,19,HOUSEHOLD
142066,MARLEE COLON,14,FURNITURE
142390,BRUCE JENKINS,2,AUTOMOBILE
142399,RYLEE HINTON,19,MACHINERY
142432,FRANKIE DUARTE,22,HOUSEHOLD
142583,KYNLEE NAVA,18,HOUSEHOLD
142636,STEFAN HOWARD,14,FURNITURE
142741,SOPHIE VELEZ,3,MACHINERY
142781,KAREEM SMITH,3,BUILDING
142838,OLIVIA MORALES,11,MACHINERY
142933,AARON WHITE,13,AUTOMOBILE
143086,LAYLA CURRY,8,AUTOMOBILE
143176,BRIGGS ANDRADE,17,FURNITURE
143362,EMMY DILLON,6,HOUSEHOLD
143420,ALVIN ALFARO,5,MACHINERY
143446,YASMIN GRAHAM,9,MACHINERY
143575,GIOVANNI HAYES,16,AUTOMOBILE
143629,IRIS BERGER,24,MACHINERY
143662,BYRON SIERRA,15,MACHINERY
143725,MARCELINE LOPEZ,10,BUILDING
143726,MICHAEL KNOX,24,MACHINERY
143863,KALLIE KEITH,3,MACHINERY
143953,JAGGER SHELTON,8,FURNITURE
143998,MAKENZIE CLARKE,18,FURNITURE
144392,STETSON MAXWELL,8,MACHINERY
144412,KYLA CLARKE,23,MACHINERY
144508,STETSON BLACK,0,BUILDING
144976,MOLLY SWEENEY,20,FURNITURE
145099,NIXON HENDRIX,3,AUTOMOBILE
145189,ZHURI PATEL,18,AUTOMOBILE
145285,PARKER LIVINGSTON,4,FURNITURE
145357,MILENA HINES,7,BUILDING
145396,URIEL ROLLINS,0,FURNITURE
145504,ARACELI FISHER,0,HOUSEHOLD
145519,GAEL MEDINA,11,BUILDING
145522,ELLIANA ASHLEY,7,HOUSEHOLD
145579,KYLEN SILVA,13,FURNITURE
145654,LUCIA BUTLER,5,FURNITURE
145739,RYDER HANNA,3,BUILDING
145808,CYNTHIA SERRANO,23,AUTOMOBILE
146050,MILAN VASQUEZ,19,BUILDING
146056,ROSE BOWMAN,4,AUTOMOBILE
146110,FRANCISCO FIELDS,10,FURNITURE
146281,ANNIE WASHINGTON,1,HOUSEHOLD
146438,JUAN EVANS,23,HOUSEHOLD
146471,ELIANA MUELLER,16,MACHINERY
146477,ALBERT MEYER,6,FURNITURE
146527,SARA GRANT,0,AUTOMOBILE
146560,LEON DILLON,7,AUTOMOBILE
146626,LAUREL WILLIAMSON,3,HOUSEHOLD
146660,EMERSON SCHNEIDER,7,AUTOMOBILE
146663,DELANEY CASE,13,FURNITURE
146668,BENTLEE BENJAMIN,17,MACHINERY
146747,JIANNA LOGAN,11,MACHINERY
146845,ROCCO HENSON,22,FURNITURE
146848,KINSLEE CASTANEDA,6,BUILDING
146857,COLLIN PORTILLO,1,AUTOMOBILE
146875,NATHALIE INGRAM,23,BUILDING
146920,TRIPP MOLINA,7,FURNITURE
146924,ALEXANDRIA STEVENS,12,HOUSEHOLD
146968,ZACHARY MIDDLETON,12,FURNITURE
146971,MADALYN COPELAND,9,HOUSEHOLD
147098,AXTON MCGUIRE,4,HOUSEHOLD
147148,APRIL HENDRIX,11,FURNITURE
147176,KORBYN NORMAN,15,BUILDING
147388,MALANI ALVAREZ,17,HOUSEHOLD
147583,XAVIER ASHLEY,15,AUTOMOBILE
147770,KHALANI JUAREZ,18,FURNITURE
147907,JOAQUIN DAUGHERTY,24,MACHINERY
147943,MAGDALENA CAMPOS,19,AUTOMOBILE
148004,GIDEON CALDERON,22,MACHINERY
148318,SERENA BAXTER,11,FURNITURE
148505,TOMAS DUDLEY,19,HOUSEHOLD
148664,HADLEIGH CASE,21,HOUSEHOLD
148774,BENTLEE MAYNARD,7,MACHINERY
43990,CAROLYN BUCKLEY,18,BUILDING
44008,ARYAN CASTRO,23,HOUSEHOLD
44017,ELOISE BAKER,16,BUILDING
44029,EZRA FIELDS,8,HOUSEHOLD
148862,ANNIE FRIEDMAN,1,FURNITURE
148883,DARWIN MADDEN,3,AUTOMOBILE
148939,VIOLETTE CORDOVA,18,AUTOMOBILE
148942,VICENTE MILLER,5,FURNITURE
149054,ISABELLA MCKENZIE,17,FURNITURE
44227,SCOTT BUCHANAN,3,MACHINERY
44245,MARYAM CLINE,5,MACHINERY
44344,CULLEN DUDLEY,1,FURNITURE
44371,HADLEIGH COPELAND,22,BUILDING
44372,AXTON LLOYD,23,BUILDING
149173,EMELY CONNER,21,AUTOMOBILE
149189,PHILLIP NOBLE,11,MACHINERY
149194,HUNTER BREWER,19,AUTOMOBILE
149224,CRUZ FOWLER,8,BUILDING
44426,LENNON CAIN,24,AUTOMOBILE
149318,BENSON MEJIA,8,FURNITURE
149467,SAYLOR GARRETT,8,HOUSEHOLD
44689,KAIRO HUDSON,21,MACHINERY
44699,KAMILA SANDERS,19,MACHINERY
149674,JOSE ALEXANDER,19,HOUSEHOLD
149689,LYLA PHAN,11,MACHINERY
44923,MAISON MCCLURE,15,FURNITURE
44926,ESTELLA CLEMENTS,13,MACHINERY
149788,FISHER BANKS,6,HOUSEHOLD
149992,CALI BROWNING,6,AUTOMOBILE
105154,ROHAN KANE,18,HOUSEHOLD
90007,ELLIANNA MOON,22,BUILDING
90065,NOVA WALTER,4,MACHINERY
90122,PENNY BARAJAS,20,BUILDING
90124,BRENNAN LAMBERT,20,AUTOMOBILE
90128,NINA THOMPSON,20,BUILDING
90170,THEODORE SIMPSON,3,BUILDING
105418,ANASTASIA MORENO,6,BUILDING
105487,MYLES MADDEN,14,AUTOMOBILE
105527,VIOLETTE KOCH,24,AUTOMOBILE
90494,SALVADOR CAIN,17,BUILDING
105713,KENDRA LOWE,16,AUTOMOBILE
105775,JULIUS JIMENEZ,1,HOUSEHOLD
90622,ADELINE VASQUEZ,11,HOUSEHOLD
90643,ROWAN HARTMAN,8,FURNITURE
90646,KENNEDI LANDRY,15,BUILDING
90758,JAXX CRAIG,20,AUTOMOBILE
105872,BRYNN TURNER,3,BUILDING
105920,JOSHUA RYAN,17,AUTOMOBILE
90772,MORGAN WILLIAMS,2,FURNITURE
90805,OLIVER SIMPSON,2,BUILDING
105958,ANASTASIA TANNER,19,FURNITURE
105967,BRUNO BECK,15,HOUSEHOLD
106009,GIA COMPTON,7,AUTOMOBILE
106016,ABNER CAMERON,23,FURNITURE
90937,JULIE LUNA,18,HOUSEHOLD
90949,ERICK DRAKE,14,HOUSEHOLD
91022,JAYLEEN DRAKE,18,BUILDING
91109,JALEN MARSH,13,HOUSEHOLD
106238,ADELINA THOMPSON,13,FURNITURE
106246,THEODORE SANTIAGO,4,AUTOMOBILE
91112,NYLA CONRAD,10,HOUSEHOLD
91168,DILAN FELIX,1,AUTOMOBILE
91184,PAISLEIGH MCCULLOUGH,20,FURNITURE
106309,BRIAR ROY,11,MACHINERY
91237,SAVANNA BATES,12,FURNITURE
106444,ELLIS BERNAL,5,HOUSEHOLD
91315,EMMELINE HUNTER,21,AUTOMOBILE
91351,ARCHER THORNTON,10,AUTOMOBILE
106534,HAISLEY WOLF,22,HOUSEHOLD
91502,JASE WHEELER,17,MACHINERY
106690,SYDNEY KNIGHT,5,BUILDING
91598,BECKETT RUSSO,13,BUILDING
91661,TINSLEY HURLEY,7,MACHINERY
106858,VAN HUTCHINSON,13,HOUSEHOLD
106876,JAMIE SLOAN,17,AUTOMOBILE
91733,OCEAN HODGES,15,HOUSEHOLD
91777,EVE TRAVIS,7,HOUSEHOLD
91819,WILLIE DAVILA,19,HOUSEHOLD
91862,RAYNE ESTES,12,FURNITURE
91894,HAKEEM HINTON,13,AUTOMOBILE
92005,JAELYNN VAUGHAN,23,FURNITURE
107162,CASTIEL MELENDEZ,19,MACHINERY
107296,BETHANY BRIDGES,15,BUILDING
107312,MOHAMMED HAIL,6,AUTOMOBILE
92185,LAINEY DAWSON,20,AUTOMOBILE
107441,IKER GONZALES,7,FURNITURE
92357,HADLEY ORR,19,FURNITURE
92381,BENICIO VALENZUELA,2,FURNITURE
107528,HENLEY SALAS,3,AUTOMOBILE
107569,ZAIDEN WOLF,17,HOUSEHOLD
107642,JOLENE AYALA,1,HOUSEHOLD
92506,TANNER MCKENZIE,12,AUTOMOBILE
107711,BRIAR KAUR,4,FURNITURE
92596,AUGUSTINE ANDERSEN,15,BUILDING
92615,ZOIE MARSH,6,AUTOMOBILE
107812,BO MITCHELL,19,AUTOMOBILE
92690,WILLOW BAILEY,17,BUILDING
107887,AXEL SANCHEZ,4,BUILDING
92770,ARIA WALTON,15,AUTOMOBILE
92788,DOMINICK LEAL,23,AUTOMOBILE
92842,MURPHY ROSAS,23,AUTOMOBILE
92896,REMI MICHAEL,1,MACHINERY
108023,AUBRIELLA MATHIS,17,HOUSEHOLD
108037,GUSTAVO HARTMAN,24,MACHINERY
92929,KENNEDI PHILLIPS,5,HOUSEHOLD
108088,ANDREW SCHROEDER,10,MACHINERY
93079,CAMERON BATES,9,HOUSEHOLD
108334,ELLIS MAGANA,12,FURNITURE
93172,AMARIS AVILA,2,MACHINERY
108359,JAYLEN NORTON,13,HOUSEHOLD
108377,KYLEE SIMPSON,19,MACHINERY
93311,ELLIOTT HARRIS,0,HOUSEHOLD
108472,PENELOPE BENITEZ,21,HOUSEHOLD
93349,JUSTICE BAILEY,9,HOUSEHOLD
93394,KENNEDY FOSTER,18,HOUSEHOLD
108551,KAYDEN KENNEDY,12,AUTOMOBILE
108581,BRIANNA DONOVAN,6,AUTOMOBILE
93503,BRAYAN MCCARTY,21,MACHINERY
108676,HALO VILLA,7,FURNITURE
93511,CLAY CHRISTENSEN,8,AUTOMOBILE
93550,CARMEN ARIAS,20,HOUSEHOLD
93583,ALEC LEACH,12,FURNITURE
108733,MARTHA STOUT,18,HOUSEHOLD
108760,CALLAHAN VENTURA,9,MACHINERY
93602,ZORA WALTERS,0,FURNITURE
93934,COLSON MCBRIDE,24,MACHINERY
93949,KELSEY ZHANG,9,BUILDING
94021,ISAIAS MCINTYRE,7,BUILDING
109132,REBEKAH NORTON,19,AUTOMOBILE
94066,CALLEN HERMAN,9,AUTOMOBILE
94099,PAULINA COX,17,BUILDING
109312,CONNOR WEBSTER,22,MACHINERY
109330,KENSLEY SHAFFER,5,FURNITURE
109361,DEXTER KNIGHT,15,HOUSEHOLD
94231,GRACIE SIMMONS,11,HOUSEHOLD
109375,HARRISON FRANCO,17,HOUSEHOLD
94303,CHARLEIGH GROSS,10,HOUSEHOLD
109450,QUINN SAMPSON,15,FURNITURE
94396,MEILANI MAYO,20,MACHINERY
94426,JERICHO HARDY,5,MACHINERY
94442,JESSICA ARIAS,15,AUTOMOBILE
109549,ALEC CUNNINGHAM,5,MACHINERY
109564,MARLEY OLSON,8,FURNITURE
94489,MALACHI HARRIS,22,FURNITURE
109621,PENELOPE CERVANTES,18,FURNITURE
109687,KAMARI HAMMOND,0,AUTOMOBILE
94579,HOLLY SMITH,14,AUTOMOBILE
109750,LIAM CASE,22,FURNITURE
94654,CLEO ZUNIGA,23,BUILDING
109810,SINCERE HARRINGTON,7,FURNITURE
94771,LEGACY MCMILLAN,16,HOUSEHOLD
94783,ROCKY HAYDEN,17,FURNITURE
94834,AVAYAH BARTLETT,0,AUTOMOBILE
94969,KACE HAYNES,7,HOUSEHOLD
95017,LEXI HUERTA,11,AUTOMOBILE
110179,DOUGLAS STEVENS,19,FURNITURE
110206,KATHERINE ORTEGA,0,MACHINERY
95059,KOBE MORGAN,24,AUTOMOBILE
110234,DELILAH CARDENAS,11,MACHINERY
110260,JOHNATHAN GILL,4,BUILDING
110278,JORDAN CASTILLO,9,FURNITURE
95180,KAI ANDERSON,19,FURNITURE
110338,ELLA LEACH,0,AUTOMOBILE
110389,WESTIN ROBERTSON,18,FURNITURE
95239,HARMONY WELLS,15,AUTOMOBILE
95318,MAX LANG,12,HOUSEHOLD
95320,AMIRAH JOHNSON,20,HOUSEHOLD
95327,NOAH ROMAN,1,HOUSEHOLD
95339,ASTRID STOUT,21,FURNITURE
95365,CALLAHAN DECKER,4,FURNITURE
110506,ALEENA LLOYD,24,MACHINERY
95416,ZAIRE MCKAY,13,MACHINERY
110567,LEANNA PATTON,18,BUILDING
110617,MOISES GALVAN,5,MACHINERY
95591,DALLAS LARA,14,BUILDING
110884,CAIDEN CRANE,3,FURNITURE
95770,DELLA COOK,22,MACHINERY
95983,EZEKIEL TRUONG,1,FURNITURE
95995,JUDITH JOHNSON,10,HOUSEHOLD
96097,NOAH JEFFERSON,21,MACHINERY
96148,JULIETA LESTER,1,AUTOMOBILE
96215,LEE NOLAN,0,BUILDING
96224,ITZAYANA TRAN,1,AUTOMOBILE
111401,BRAXTON PHELPS,7,HOUSEHOLD
111551,LANEY LAWSON,9,MACHINERY
111571,LANE LAMB,7,MACHINERY
96451,AMAIA STEELE,13,HOUSEHOLD
96682,ELIAN PUGH,18,BUILDING
111793,LANDRY HOOD,11,HOUSEHOLD
111859,BRIXTON PITTMAN,24,AUTOMOBILE
96787,MARIE KING,1,AUTOMOBILE
96928,JULIAN JUAREZ,5,AUTOMOBILE
96950,JULIET HICKS,18,AUTOMOBILE
112321,MADDOX DUDLEY,4,FURNITURE
97222,HADLEIGH BENITEZ,5,BUILDING
97261,JUSTICE FROST,4,MACHINERY
97270,PAULA GREEN,3,MACHINERY
112445,ANTHONY RAMOS,19,MACHINERY
112474,ALICE SHIELDS,1,BUILDING
97553,DEVON BLACK,1,BUILDING
97567,MOLLY NUNEZ,16,HOUSEHOLD
112720,CADEN MORAN,21,AUTOMOBILE
112870,CELESTE NEWTON,12,AUTOMOBILE
112874,SANTINO ROBLES,21,BUILDING
97795,FELICITY GOODWIN,1,MACHINERY
112922,KAISON RAMOS,8,AUTOMOBILE
97858,ALICE HORNE,6,BUILDING
97888,ZEV GUTIERREZ,12,BUILDING
113068,SAVANNAH SMALL,12,FURNITURE
113075,RUDY COLLINS,22,MACHINERY
113111,KINSLEY MENDEZ,18,MACHINERY
113131,ARTHUR LANE,6,AUTOMOBILE
97996,AMY JACOBS,12,MACHINERY
113194,BRYAN TRUONG,2,BUILDING
113212,JUDITH CORDOVA,16,BUILDING
113216,VICENTE COLLINS,6,HOUSEHOLD
113231,KINSLEY BANKS,15,FURNITURE
98306,MARTIN HALL,12,FURNITURE
113395,LEAH WEST,1,BUILDING
113455,DIEGO HUYNH,15,HOUSEHOLD
98344,OAKLEE SNOW,2,HOUSEHOLD
98365,HOUSTON TOWNSEND,11,FURNITURE
98377,AZALEA REESE,8,FURNITURE
98387,ALIJAH GOOD,1,HOUSEHOLD
113536,NATHALIA HUNT,8,MACHINERY
98453,JESUS WINTERS,19,AUTOMOBILE
98549,KATALEYA ODOM,22,FURNITURE
98639,KYLIAN RIVAS,0,AUTOMOBILE
113783,AVERIE BALL,8,BUILDING
113807,SHANE MCCARTHY,18,BUILDING
113810,KIRA CHAPMAN,14,AUTOMOBILE
113929,KNOX AVALOS,15,FURNITURE
113962,PALOMA SOLOMON,8,HOUSEHOLD
113986,MUSA O’NEILL,7,HOUSEHOLD
114070,KENNA GREEN,21,BUILDING
114178,ANTHONY MENDEZ,16,FURNITURE
114181,LONDYN WILCOX,21,AUTOMOBILE
99148,JERRY KANE,20,HOUSEHOLD
99160,ELLIANNA WHEELER,9,FURNITURE
114394,KENNETH LINDSEY,4,FURNITURE
99337,COLETTE CAMACHO,21,AUTOMOBILE
114430,TATUM FRANCO,12,AUTOMOBILE
114493,CHARLEIGH HOLT,0,HOUSEHOLD
114544,NIKO MOYER,3,FURNITURE
114667,ZOLA CANTU,14,MACHINERY
99535,ANAKIN HODGES,9,HOUSEHOLD
99556,EVE HOWARD,7,MACHINERY
114788,JEREMIAH WADE,5,HOUSEHOLD
114799,EVIE ROY,11,FURNITURE
114851,MARCELO ROGERS,15,FURNITURE
99700,MADELYN DIAZ,1,FURNITURE
99730,NATHAN HICKMAN,18,FURNITURE
114877,SCARLETTE HARDIN,19,HOUSEHOLD
115064,HASSAN WOLFE,16,MACHINERY
99998,HALLIE KRAMER,5,FURNITURE
115165,KYLAN WOLF,19,HOUSEHOLD
115195,JOLENE ERICKSON,23,HOUSEHOLD
100064,JOHNNY ENRIQUEZ,19,BUILDING
100069,NELLIE MURRAY,20,AUTOMOBILE
100114,ASHTON GATES,17,FURNITURE
100189,MELINA HARVEY,23,HOUSEHOLD
100270,CAYDEN HODGES,0,FURNITURE
100279,EVE MORTON,11,AUTOMOBILE
115378,ROLAND BERG,14,FURNITURE
100319,EMMALYN HENDRIX,6,AUTOMOBILE
115495,KORBYN PINEDA,10,MACHINERY
115528,NOLA GRAY,15,BUILDING
115534,NICHOLAS RAYMOND,12,BUILDING
100438,HADLEE OSBORNE,6,AUTOMOBILE
115604,AUGUSTUS DAVENPORT,12,HOUSEHOLD
100514,ADRIANNA POLLARD,2,FURNITURE
100556,JAD ALEXANDER,11,MACHINERY
115735,LYLA HUFFMAN,17,FURNITURE
115762,CHRIS SANDERS,0,BUILDING
100663,EVERLEIGH REED,0,FURNITURE
115807,EASTON MIRANDA,0,HOUSEHOLD
115810,AMINA CONWAY,3,FURNITURE
100754,ORLANDO HENSLEY,6,MACHINERY
100765,MALAYA HAHN,20,HOUSEHOLD
100864,KABIR DUARTE,12,AUTOMOBILE
100879,KYNLEE MCCULLOUGH,12,BUILDING
100969,BRIAR PORTILLO,13,HOUSEHOLD
116068,NATHALIE DAVILA,6,HOUSEHOLD
116123,GREY DEJESUS,14,AUTOMOBILE
101050,JULISSA FIELDS,7,AUTOMOBILE
116132,CLAYTON O’CONNOR,13,FURNITURE
116143,CHARLI COLEMAN,18,HOUSEHOLD
101072,MICAH ABBOTT,9,BUILDING
101077,MELANY JONES,10,FURNITURE
101101,WILLIAM MANN,10,MACHINERY
101107,PAISLEE PATTERSON,24,MACHINERY
101191,AMIR PETERSEN,21,HOUSEHOLD
116323,FERNANDA PAUL,17,BUILDING
116356,NOEL PARRISH,15,FURNITURE
116404,TIANA DUDLEY,10,BUILDING
116431,COLTER PROCTOR,22,MACHINERY
101392,CHANDLER RUSSELL,24,BUILDING
101440,WESTON BUCHANAN,13,AUTOMOBILE
116776,MARYAM KELLEY,14,AUTOMOBILE
116963,ERIC MOON,17,FURNITURE
117013,NAYA FLOWERS,17,FURNITURE
117023,SAUL ALEXANDER,0,AUTOMOBILE
117073,LYLA SMITH,8,FURNITURE
101963,LIAM MALONE,22,AUTOMOBILE
102043,SKYLER RANDALL,13,MACHINERY
117328,TRENTON HURST,3,MACHINERY
117346,ADALEE CRAIG,19,BUILDING
117355,ODIN LIM,16,HOUSEHOLD
117379,GIAVANNA MCCANN,12,AUTOMOBILE
102319,HEATH BROOKS,7,MACHINERY
117445,AUTUMN BALLARD,16,MACHINERY
102374,KENZO PARRISH,8,MACHINERY
117566,TIANA BRADSHAW,1,HOUSEHOLD
102439,EMORY MOODY,1,MACHINERY
102478,ELAINE BLEVINS,18,AUTOMOBILE
117668,AVI ROSARIO,3,MACHINERY
102578,LOUISA CORDOVA,22,FURNITURE
117725,VICENTE RAMOS,10,MACHINERY
102625,ALICE CASEY,12,MACHINERY
117761,ARMANDO TERRELL,0,HOUSEHOLD
102778,PAITYN COLEMAN,0,MACHINERY
117856,MICAH FINLEY,3,BUILDING
102808,JOVIE TATE,23,HOUSEHOLD
102839,DALTON KEITH,20,AUTOMOBILE
117994,ELYSE LEBLANC,3,HOUSEHOLD
118012,BRADEN LEACH,4,MACHINERY
118024,MARTHA ZUNIGA,13,HOUSEHOLD
118057,SINCERE SWANSON,2,MACHINERY
102983,HELEN GIBBS,4,FURNITURE
118156,DEACON WYATT,9,HOUSEHOLD
118165,LIBERTY SAMPSON,12,FURNITURE
103042,CAIN MIRANDA,22,HOUSEHOLD
103091,AMINA VALENTINE,23,HOUSEHOLD
118267,DEMETRIUS MORALES,11,BUILDING
118385,SKYLAR SWEENEY,7,FURNITURE
118393,NIXON MEADOWS,19,MACHINERY
103318,PEARL AYERS,3,HOUSEHOLD
118567,ULISES BARBER,11,AUTOMOBILE
103468,CASSIDY BAILEY,1,MACHINERY
103498,AXEL WILLIS,18,AUTOMOBILE
103540,ALEXA FRANK,15,BUILDING
118652,BRAYLEN LUCAS,11,FURNITURE
103588,PHOENIX CHAPMAN,18,AUTOMOBILE
103622,KNOX CORONA,19,BUILDING
118729,MARIANNA BARKER,21,HOUSEHOLD
103642,KADE JACKSON,5,BUILDING
103772,AVERY FRY,17,HOUSEHOLD
103774,JACOBY CRUZ,16,HOUSEHOLD
118931,CLAIRE MUELLER,12,MACHINERY
103813,ALBERT BARTLETT,4,FURNITURE
118955,AUBRIELLE DAVID,10,AUTOMOBILE
103961,ALONSO HENSON,13,FURNITURE
119062,KINSLEE COBB,17,MACHINERY
104002,RAPHAEL MEADOWS,0,FURNITURE
104050,PEARL HARDIN,3,HOUSEHOLD
119143,HASSAN ROGERS,22,FURNITURE
119170,MADELYN BRUCE,9,FURNITURE
119272,URIAH WALLACE,21,BUILDING
104197,ARIANNA VELEZ,17,AUTOMOBILE
119387,KAREEM O’NEILL,23,HOUSEHOLD
119422,KENNA MITCHELL,9,AUTOMOBILE
104387,JAXON FARLEY,24,HOUSEHOLD
104411,WRENLEY JIMENEZ,3,BUILDING
104461,SILAS WATSON,12,HOUSEHOLD
104464,HAILEY MENDOZA,12,AUTOMOBILE
104473,DOMINIC HAWKINS,12,FURNITURE
119566,ARIEL YORK,22,BUILDING
104539,LEANDRO JOSEPH,9,HOUSEHOLD
104549,GRACELYNN PENNINGTON,24,HOUSEHOLD
104560,BOBBY HAMILTON,2,BUILDING
119651,MACKENZIE BAXTER,11,AUTOMOBILE
119674,TOMAS LYNCH,4,HOUSEHOLD
104599,MALIA VO,8,MACHINERY
104690,GORDON REED,22,MACHINERY
104741,VALENTINA WILSON,13,HOUSEHOLD
119882,DANIEL REYNOLDS,7,HOUSEHOLD
119945,ISABELLE FARRELL,10,AUTOMOBILE
104869,TY HUYNH,6,MACHINERY
104995,OAKLEE LE,4,HOUSEHOLD
